source_id,title,page,page_count,section_or_subject,coverage_disposition,knowledge_ids,reference_record_count,coverage_basis,required_follow_up
SRC-GDRIVE-FILE-0001,Customer Experience Quick Reference MGB-119,1,2,"Signature, release, package care, scanning, and time-definite expectations",KNOWLEDGE_MAPPED,KNO-DEL-BUS-OP201-001;KNO-DEL-CLASSIFICATION-001;KNO-DEL-PLACEMENT-HAZARD-001;KNO-DEL-PPOD-001;KNO-DEL-PREMIUM-WINDOW-001;KNO-DEL-SAFEPLACE-001;KNO-DEL-SCAN-INTEGRITY-001;KNO-DEL-SIG-ASR-001;KNO-DEL-SIG-DSR-001;KNO-DEL-SIG-ISR-001,0,Mapped to one or more operational knowledge records with exact source evidence.,
SRC-GDRIVE-FILE-0001,Customer Experience Quick Reference MGB-119,2,2,Security and delivery/pickup status-code quick reference,OLDER_STATUS_REFERENCE_PARTIALLY_MODELED,KNO-SEC-ROUTE-001,0,Current vehicle/package security standards are mapped to operational knowledge. The same page's quick-reference code tables remain bounded by the legacy crosswalk and current OP-117/OP-324/OP-321 source gates; no procedure is inferred from code labels.,
SRC-GDRIVE-FILE-0002,Customer Experience On the Road Reference Guide OP-119,1,16,"Authority, confidentiality, and controlling-agreement notice",GOVERNING_FRONT_MATTER,,0,"Authority, confidentiality, and ISP Agreement precedence; not a standalone driver procedure.",
SRC-GDRIVE-FILE-0002,Customer Experience On the Road Reference Guide OP-119,2,16,Table of contents,TABLE_OF_CONTENTS,,0,Navigation/front matter only.,
SRC-GDRIVE-FILE-0002,Customer Experience On the Road Reference Guide OP-119,3,16,Customer-experience and agreement-obligation overview,PRESENTATION_CONTEXT,,0,High-level customer-experience and agreement-obligation context; specific operational rules are mapped on later pages.,
SRC-GDRIVE-FILE-0002,Customer Experience On the Road Reference Guide OP-119,4,16,"Pickup flow, packaging, escalation, and pickup-service types",KNOWLEDGE_MAPPED,KNO-PUP-SCAN-INTEGRITY-001,0,Mapped to one or more operational knowledge records with exact source evidence.,
SRC-GDRIVE-FILE-0002,Customer Experience On the Road Reference Guide OP-119,5,16,"Pickup flow, packaging, escalation, and pickup-service types",KNOWLEDGE_MAPPED,KNO-PUP-SERVICE-TYPES-001,0,Mapped to one or more operational knowledge records with exact source evidence.,
SRC-GDRIVE-FILE-0002,Customer Experience On the Road Reference Guide OP-119,6,16,"Delivery classification, attempt expectations, package care, and appearance",KNOWLEDGE_MAPPED,KNO-DEL-ATTEMPT-LIMIT-001;KNO-DEL-CLASSIFICATION-001,0,Mapped to one or more operational knowledge records with exact source evidence.,
SRC-GDRIVE-FILE-0002,Customer Experience On the Road Reference Guide OP-119,7,16,"Delivery classification, attempt expectations, package care, and appearance",KNOWLEDGE_MAPPED,KNO-DEL-PLACEMENT-HAZARD-001,0,Mapped to one or more operational knowledge records with exact source evidence.,
SRC-GDRIVE-FILE-0002,Customer Experience On the Road Reference Guide OP-119,8,16,"Delivery classification, attempt expectations, package care, and appearance",KNOWLEDGE_MAPPED,KNO-CX-APPEARANCE-001,0,Mapped to one or more operational knowledge records with exact source evidence.,
SRC-GDRIVE-FILE-0002,Customer Experience On the Road Reference Guide OP-119,9,16,"Tracking events, scan integrity, and delivery-status reference",KNOWLEDGE_MAPPED,KNO-DEL-SCAN-INTEGRITY-001;KNO-PUP-SCAN-INTEGRITY-001,0,Mapped to one or more operational knowledge records with exact source evidence.,
SRC-GDRIVE-FILE-0002,Customer Experience On the Road Reference Guide OP-119,10,16,"Tracking events, scan integrity, and delivery-status reference",KNOWLEDGE_MAPPED,KNO-DEL-SCAN-INTEGRITY-001;KNO-PUP-SCAN-INTEGRITY-001,0,Mapped to one or more operational knowledge records with exact source evidence.,
SRC-GDRIVE-FILE-0002,Customer Experience On the Road Reference Guide OP-119,11,16,"Tracking events, scan integrity, and delivery-status reference",OLDER_STATUS_REFERENCE_PARTIALLY_MODELED,,1,Older OP-119 status table; code 030 is preserved as potentially outdated and the newer OP-117/current OP-324 obligations remain controlling.,
SRC-GDRIVE-FILE-0002,Customer Experience On the Road Reference Guide OP-119,12,16,"Signature, alcohol, release, PPOD, indirect, premium, and security",KNOWLEDGE_MAPPED,KNO-DEL-ALCOHOL-001;KNO-DEL-SIG-ASR-001;KNO-DEL-SIG-DSR-001;KNO-DEL-SIG-ISR-001,0,Mapped to one or more operational knowledge records with exact source evidence.,
SRC-GDRIVE-FILE-0002,Customer Experience On the Road Reference Guide OP-119,13,16,"Signature, alcohol, release, PPOD, indirect, premium, and security",KNOWLEDGE_MAPPED,KNO-DEL-ALCOHOL-001;KNO-DEL-SIG-ASR-001;KNO-DEL-SIG-DSR-001;KNO-DEL-SIG-ISR-001;KNO-DEL-TOBACCO-001,0,Mapped to one or more operational knowledge records with exact source evidence.,
SRC-GDRIVE-FILE-0002,Customer Experience On the Road Reference Guide OP-119,14,16,"Signature, alcohol, release, PPOD, indirect, premium, and security",KNOWLEDGE_MAPPED,KNO-DEL-SAFEPLACE-001;KNO-DEL-SIG-DSR-001;KNO-DEL-SIG-ISR-001,0,Mapped to one or more operational knowledge records with exact source evidence.,
SRC-GDRIVE-FILE-0002,Customer Experience On the Road Reference Guide OP-119,15,16,"Signature, alcohol, release, PPOD, indirect, premium, and security",KNOWLEDGE_MAPPED,KNO-DEL-SAFEPLACE-001;KNO-DEL-SIG-DSR-001;KNO-DEL-SIG-ISR-001,0,Mapped to one or more operational knowledge records with exact source evidence.,
SRC-GDRIVE-FILE-0002,Customer Experience On the Road Reference Guide OP-119,16,16,"Recording, media, and publication restrictions",KNOWLEDGE_MAPPED,KNO-COMMS-MEDIA-001,0,Mapped to one or more operational knowledge records with exact source evidence.,
SRC-GDRIVE-FILE-0004,Focus on Package Placement,1,12,"Purpose, agenda, and customer-feedback context",PRESENTATION_CONTEXT,,0,Purpose/agenda/customer-feedback context; no standalone procedure.,
SRC-GDRIVE-FILE-0004,Focus on Package Placement,2,12,"Purpose, agenda, and customer-feedback context",PRESENTATION_CONTEXT,,0,Customer-feedback context; no standalone procedure.,
SRC-GDRIVE-FILE-0004,Focus on Package Placement,3,12,"Purpose, agenda, and customer-feedback context",PRESENTATION_CONTEXT,,0,Customer-feedback problem framing; no standalone procedure.,
SRC-GDRIVE-FILE-0004,Focus on Package Placement,4,12,"Placement, access, package size, PPOD, and scan integrity",KNOWLEDGE_MAPPED,KNO-DEL-PLACEMENT-HAZARD-001,0,Mapped to one or more operational knowledge records with exact source evidence.,
SRC-GDRIVE-FILE-0004,Focus on Package Placement,5,12,"Placement, access, package size, PPOD, and scan integrity",KNOWLEDGE_MAPPED,KNO-DEL-PLACEMENT-HAZARD-001,0,Mapped to one or more operational knowledge records with exact source evidence.,
SRC-GDRIVE-FILE-0004,Focus on Package Placement,6,12,"Placement, access, package size, PPOD, and scan integrity",KNOWLEDGE_MAPPED,KNO-DEL-PLACEMENT-HAZARD-001,0,Mapped to one or more operational knowledge records with exact source evidence.,
SRC-GDRIVE-FILE-0004,Focus on Package Placement,7,12,"Placement, access, package size, PPOD, and scan integrity",KNOWLEDGE_MAPPED,KNO-DEL-PLACEMENT-HAZARD-001,0,Mapped to one or more operational knowledge records with exact source evidence.,
SRC-GDRIVE-FILE-0004,Focus on Package Placement,8,12,"Placement, access, package size, PPOD, and scan integrity",KNOWLEDGE_MAPPED,KNO-DEL-PLACEMENT-HAZARD-001,0,Mapped to one or more operational knowledge records with exact source evidence.,
SRC-GDRIVE-FILE-0004,Focus on Package Placement,9,12,"Placement, access, package size, PPOD, and scan integrity",KNOWLEDGE_MAPPED,KNO-DEL-PLACEMENT-HAZARD-001,0,Mapped to one or more operational knowledge records with exact source evidence.,
SRC-GDRIVE-FILE-0004,Focus on Package Placement,10,12,"Placement, access, package size, PPOD, and scan integrity",KNOWLEDGE_MAPPED,KNO-DEL-PLACEMENT-HAZARD-001;KNO-DEL-PPOD-001,0,Mapped to one or more operational knowledge records with exact source evidence.,
SRC-GDRIVE-FILE-0004,Focus on Package Placement,11,12,"Placement, access, package size, PPOD, and scan integrity",KNOWLEDGE_MAPPED,KNO-DEL-SCAN-INTEGRITY-001,0,Mapped to one or more operational knowledge records with exact source evidence.,
SRC-GDRIVE-FILE-0004,Focus on Package Placement,12,12,Service-results and metrics context,METRICS_CONTEXT,,0,Service-results/metrics context; no independent on-route procedure.,
SRC-GDRIVE-FILE-0005,FORGE Business Closure,1,1,Business Closure message workflow,KNOWLEDGE_MAPPED,KNO-FORGE-BUSINESS-CLOSURE-MSG-001,0,Mapped to one or more operational knowledge records with exact source evidence.,
SRC-GDRIVE-FILE-0006,FORGE Call Tags,1,3,"Call-tag creation, action scope, status, and individual handling",KNOWLEDGE_MAPPED,KNO-FORGE-CALLTAG-SCOPE-001,0,Mapped to one or more operational knowledge records with exact source evidence.,
SRC-GDRIVE-FILE-0006,FORGE Call Tags,2,3,"Call-tag creation, action scope, status, and individual handling",KNOWLEDGE_MAPPED,KNO-FORGE-CALLTAG-SCOPE-001;KNO-PUP-CALLTAG-FRAUD-001,0,Mapped to one or more operational knowledge records with exact source evidence.,
SRC-GDRIVE-FILE-0006,FORGE Call Tags,3,3,"Call-tag creation, action scope, status, and individual handling",KNOWLEDGE_MAPPED,KNO-FORGE-CALLTAG-SCOPE-001,0,Mapped to one or more operational knowledge records with exact source evidence.,
SRC-GDRIVE-FILE-0007,FORGE Delayed Login,1,5,"Delayed Login entry, limitations, recovery, merge, and EOD",KNOWLEDGE_MAPPED,KNO-FORGE-DELAYED-LOGIN-001,0,Mapped to one or more operational knowledge records with exact source evidence.,
SRC-GDRIVE-FILE-0007,FORGE Delayed Login,2,5,"Delayed Login entry, limitations, recovery, merge, and EOD",KNOWLEDGE_MAPPED,KNO-FORGE-DELAYED-LOGIN-001,0,Mapped to one or more operational knowledge records with exact source evidence.,
SRC-GDRIVE-FILE-0007,FORGE Delayed Login,3,5,"Delayed Login entry, limitations, recovery, merge, and EOD",KNOWLEDGE_MAPPED,KNO-FORGE-DELAYED-LOGIN-001,0,Mapped to one or more operational knowledge records with exact source evidence.,
SRC-GDRIVE-FILE-0007,FORGE Delayed Login,4,5,"Delayed Login entry, limitations, recovery, merge, and EOD",KNOWLEDGE_MAPPED,KNO-FORGE-DELAYED-LOGIN-001,0,Mapped to one or more operational knowledge records with exact source evidence.,
SRC-GDRIVE-FILE-0007,FORGE Delayed Login,5,5,"Delayed Login entry, limitations, recovery, merge, and EOD",KNOWLEDGE_MAPPED,KNO-FORGE-DELAYED-LOGIN-001,0,Mapped to one or more operational knowledge records with exact source evidence.,
SRC-GDRIVE-FILE-0008,FORGE P&D Application Guide 3.00 / FORGE 2.8.0,1,246,"Identity, version, authority, and application-scope notice",GOVERNING_FRONT_MATTER,,0,"Document identity, version, confidentiality, demo scope, and cross-version warning; not an operational procedure.",
SRC-GDRIVE-FILE-0008,FORGE P&D Application Guide 3.00 / FORGE 2.8.0,2,246,Table of contents,TABLE_OF_CONTENTS,,0,Navigation/front matter only.,
SRC-GDRIVE-FILE-0008,FORGE P&D Application Guide 3.00 / FORGE 2.8.0,3,246,Table of contents,TABLE_OF_CONTENTS,,0,Navigation/front matter only.,
SRC-GDRIVE-FILE-0008,FORGE P&D Application Guide 3.00 / FORGE 2.8.0,4,246,Table of contents,TABLE_OF_CONTENTS,,0,Navigation/front matter only.,
SRC-GDRIVE-FILE-0008,FORGE P&D Application Guide 3.00 / FORGE 2.8.0,5,246,"Multicode barcode, user type, and vehicle type guidance",KNOWLEDGE_MAPPED,KNO-FORGE-MULTICODE-001,0,Mapped to one or more operational knowledge records with exact source evidence.,
SRC-GDRIVE-FILE-0008,FORGE P&D Application Guide 3.00 / FORGE 2.8.0,6,246,"Multicode barcode, user type, and vehicle type guidance",KNOWLEDGE_MAPPED,KNO-FORGE-LOGIN-DISPATCH-001,0,Mapped to one or more operational knowledge records with exact source evidence.,
SRC-GDRIVE-FILE-0008,FORGE P&D Application Guide 3.00 / FORGE 2.8.0,7,246,"Multicode barcode, user type, and vehicle type guidance",KNOWLEDGE_MAPPED,KNO-FORGE-LOGIN-DISPATCH-001,0,Mapped to one or more operational knowledge records with exact source evidence.,
SRC-GDRIVE-FILE-0008,FORGE P&D Application Guide 3.00 / FORGE 2.8.0,8,246,"First launch, authentication, assignment, vehicle, duty, manifest, and dispatch",KNOWLEDGE_MAPPED,KNO-FORGE-FIRST-LAUNCH-001;KNO-FORGE-LOGIN-DISPATCH-001,0,Mapped to one or more operational knowledge records with exact source evidence.,
SRC-GDRIVE-FILE-0008,FORGE P&D Application Guide 3.00 / FORGE 2.8.0,9,246,"First launch, authentication, assignment, vehicle, duty, manifest, and dispatch",KNOWLEDGE_MAPPED,KNO-FORGE-FIRST-LAUNCH-001;KNO-FORGE-LOGIN-DISPATCH-001,0,Mapped to one or more operational knowledge records with exact source evidence.,
SRC-GDRIVE-FILE-0008,FORGE P&D Application Guide 3.00 / FORGE 2.8.0,10,246,"First launch, authentication, assignment, vehicle, duty, manifest, and dispatch",KNOWLEDGE_MAPPED,KNO-FORGE-FIRST-LAUNCH-001;KNO-FORGE-LOGIN-DISPATCH-001,0,Mapped to one or more operational knowledge records with exact source evidence.,
SRC-GDRIVE-FILE-0008,FORGE P&D Application Guide 3.00 / FORGE 2.8.0,11,246,"First launch, authentication, assignment, vehicle, duty, manifest, and dispatch",KNOWLEDGE_MAPPED,KNO-FORGE-LOGIN-DISPATCH-001,0,Mapped to one or more operational knowledge records with exact source evidence.,
SRC-GDRIVE-FILE-0008,FORGE P&D Application Guide 3.00 / FORGE 2.8.0,12,246,"First launch, authentication, assignment, vehicle, duty, manifest, and dispatch",KNOWLEDGE_MAPPED,KNO-FORGE-LOGIN-DISPATCH-001,0,Mapped to one or more operational knowledge records with exact source evidence.,
SRC-GDRIVE-FILE-0008,FORGE P&D Application Guide 3.00 / FORGE 2.8.0,13,246,"First launch, authentication, assignment, vehicle, duty, manifest, and dispatch",KNOWLEDGE_MAPPED,KNO-FORGE-LOGIN-DISPATCH-001,0,Mapped to one or more operational knowledge records with exact source evidence.,
SRC-GDRIVE-FILE-0008,FORGE P&D Application Guide 3.00 / FORGE 2.8.0,14,246,"First launch, authentication, assignment, vehicle, duty, manifest, and dispatch",KNOWLEDGE_MAPPED,KNO-FORGE-LOGIN-DISPATCH-001,0,Mapped to one or more operational knowledge records with exact source evidence.,
SRC-GDRIVE-FILE-0008,FORGE P&D Application Guide 3.00 / FORGE 2.8.0,15,246,"First launch, authentication, assignment, vehicle, duty, manifest, and dispatch",KNOWLEDGE_MAPPED,KNO-FORGE-LOGIN-DISPATCH-001,0,Mapped to one or more operational knowledge records with exact source evidence.,
SRC-GDRIVE-FILE-0008,FORGE P&D Application Guide 3.00 / FORGE 2.8.0,16,246,"First launch, authentication, assignment, vehicle, duty, manifest, and dispatch",KNOWLEDGE_MAPPED,KNO-FORGE-LOGIN-DISPATCH-001,0,Mapped to one or more operational knowledge records with exact source evidence.,
SRC-GDRIVE-FILE-0008,FORGE P&D Application Guide 3.00 / FORGE 2.8.0,17,246,"First launch, authentication, assignment, vehicle, duty, manifest, and dispatch",KNOWLEDGE_MAPPED,KNO-FORGE-LOGIN-DISPATCH-001,0,Mapped to one or more operational knowledge records with exact source evidence.,
SRC-GDRIVE-FILE-0008,FORGE P&D Application Guide 3.00 / FORGE 2.8.0,18,246,"First launch, authentication, assignment, vehicle, duty, manifest, and dispatch",KNOWLEDGE_MAPPED,KNO-FORGE-LOGIN-DISPATCH-001,0,Mapped to one or more operational knowledge records with exact source evidence.,
SRC-GDRIVE-FILE-0008,FORGE P&D Application Guide 3.00 / FORGE 2.8.0,19,246,"First launch, authentication, assignment, vehicle, duty, manifest, and dispatch",KNOWLEDGE_MAPPED,KNO-FORGE-LOGIN-DISPATCH-001,0,Mapped to one or more operational knowledge records with exact source evidence.,
SRC-GDRIVE-FILE-0008,FORGE P&D Application Guide 3.00 / FORGE 2.8.0,20,246,"First launch, authentication, assignment, vehicle, duty, manifest, and dispatch",KNOWLEDGE_MAPPED,KNO-FORGE-LOGIN-DISPATCH-001,0,Mapped to one or more operational knowledge records with exact source evidence.,
SRC-GDRIVE-FILE-0008,FORGE P&D Application Guide 3.00 / FORGE 2.8.0,21,246,"First launch, authentication, assignment, vehicle, duty, manifest, and dispatch",KNOWLEDGE_MAPPED,KNO-FORGE-LOGIN-DISPATCH-001,0,Mapped to one or more operational knowledge records with exact source evidence.,
SRC-GDRIVE-FILE-0008,FORGE P&D Application Guide 3.00 / FORGE 2.8.0,22,246,"First launch, authentication, assignment, vehicle, duty, manifest, and dispatch",KNOWLEDGE_MAPPED,KNO-FORGE-LOGIN-DISPATCH-001,0,Mapped to one or more operational knowledge records with exact source evidence.,
SRC-GDRIVE-FILE-0008,FORGE P&D Application Guide 3.00 / FORGE 2.8.0,23,246,"FORGE UI, language, premium-service icons, and general icons",UI_SCREEN_REFERENCE,,0,Annotated Stop List screen reference; no independent procedure.,
SRC-GDRIVE-FILE-0008,FORGE P&D Application Guide 3.00 / FORGE 2.8.0,24,246,"FORGE UI, language, premium-service icons, and general icons",UI_SCREEN_REFERENCE,,0,Annotated Stop Details screen reference; no independent procedure.,
SRC-GDRIVE-FILE-0008,FORGE P&D Application Guide 3.00 / FORGE 2.8.0,25,246,"FORGE UI, language, premium-service icons, and general icons",KNOWLEDGE_MAPPED,KNO-FORGE-LANGUAGE-001,0,Mapped to one or more operational knowledge records with exact source evidence.,
SRC-GDRIVE-FILE-0008,FORGE P&D Application Guide 3.00 / FORGE 2.8.0,26,246,"FORGE UI, language, premium-service icons, and general icons",KNOWLEDGE_MAPPED,KNO-DEL-SIG-ASR-001,0,Mapped to one or more operational knowledge records with exact source evidence.,
SRC-GDRIVE-FILE-0008,FORGE P&D Application Guide 3.00 / FORGE 2.8.0,27,246,"FORGE UI, language, premium-service icons, and general icons",ICON_GLOSSARY_REFERENCE,,0,General icon glossary; operational uses are mapped on their workflow pages.,
SRC-GDRIVE-FILE-0008,FORGE P&D Application Guide 3.00 / FORGE 2.8.0,28,246,"Listed delivery, listed pickup, and unmanifested delivery",KNOWLEDGE_MAPPED,KNO-FORGE-STANDARD-DELIVERY-001,0,Mapped to one or more operational knowledge records with exact source evidence.,
SRC-GDRIVE-FILE-0008,FORGE P&D Application Guide 3.00 / FORGE 2.8.0,29,246,"Listed delivery, listed pickup, and unmanifested delivery",KNOWLEDGE_MAPPED,KNO-FORGE-STANDARD-DELIVERY-001,0,Mapped to one or more operational knowledge records with exact source evidence.,
SRC-GDRIVE-FILE-0008,FORGE P&D Application Guide 3.00 / FORGE 2.8.0,30,246,"Listed delivery, listed pickup, and unmanifested delivery",KNOWLEDGE_MAPPED,KNO-FORGE-STANDARD-DELIVERY-001,0,Mapped to one or more operational knowledge records with exact source evidence.,
SRC-GDRIVE-FILE-0008,FORGE P&D Application Guide 3.00 / FORGE 2.8.0,31,246,"Listed delivery, listed pickup, and unmanifested delivery",KNOWLEDGE_MAPPED,KNO-FORGE-STANDARD-DELIVERY-001,0,Mapped to one or more operational knowledge records with exact source evidence.,
SRC-GDRIVE-FILE-0008,FORGE P&D Application Guide 3.00 / FORGE 2.8.0,32,246,"Listed delivery, listed pickup, and unmanifested delivery",KNOWLEDGE_MAPPED,KNO-FORGE-STANDARD-DELIVERY-001,0,Mapped to one or more operational knowledge records with exact source evidence.,
SRC-GDRIVE-FILE-0008,FORGE P&D Application Guide 3.00 / FORGE 2.8.0,33,246,"Listed delivery, listed pickup, and unmanifested delivery",KNOWLEDGE_MAPPED,KNO-FORGE-STANDARD-PICKUP-001,0,Mapped to one or more operational knowledge records with exact source evidence.,
SRC-GDRIVE-FILE-0008,FORGE P&D Application Guide 3.00 / FORGE 2.8.0,34,246,"Listed delivery, listed pickup, and unmanifested delivery",KNOWLEDGE_MAPPED,KNO-FORGE-STANDARD-PICKUP-001,0,Mapped to one or more operational knowledge records with exact source evidence.,
SRC-GDRIVE-FILE-0008,FORGE P&D Application Guide 3.00 / FORGE 2.8.0,35,246,"Listed delivery, listed pickup, and unmanifested delivery",KNOWLEDGE_MAPPED,KNO-FORGE-STANDARD-PICKUP-001,0,Mapped to one or more operational knowledge records with exact source evidence.,
SRC-GDRIVE-FILE-0008,FORGE P&D Application Guide 3.00 / FORGE 2.8.0,36,246,"Listed delivery, listed pickup, and unmanifested delivery",KNOWLEDGE_MAPPED,KNO-FORGE-STANDARD-PICKUP-001,0,Mapped to one or more operational knowledge records with exact source evidence.,
SRC-GDRIVE-FILE-0008,FORGE P&D Application Guide 3.00 / FORGE 2.8.0,37,246,"Listed delivery, listed pickup, and unmanifested delivery",KNOWLEDGE_MAPPED,KNO-FORGE-STANDARD-PICKUP-001,0,Mapped to one or more operational knowledge records with exact source evidence.,
SRC-GDRIVE-FILE-0008,FORGE P&D Application Guide 3.00 / FORGE 2.8.0,38,246,"Listed delivery, listed pickup, and unmanifested delivery",KNOWLEDGE_MAPPED,KNO-FORGE-STANDARD-PICKUP-001,0,Mapped to one or more operational knowledge records with exact source evidence.,
SRC-GDRIVE-FILE-0008,FORGE P&D Application Guide 3.00 / FORGE 2.8.0,39,246,"Listed delivery, listed pickup, and unmanifested delivery",KNOWLEDGE_MAPPED,KNO-FORGE-STANDARD-PICKUP-001,0,Mapped to one or more operational knowledge records with exact source evidence.,
SRC-GDRIVE-FILE-0008,FORGE P&D Application Guide 3.00 / FORGE 2.8.0,40,246,"Listed delivery, listed pickup, and unmanifested delivery",KNOWLEDGE_MAPPED,KNO-FORGE-UNMANIFESTED-DELIVERY-001,0,Mapped to one or more operational knowledge records with exact source evidence.,
SRC-GDRIVE-FILE-0008,FORGE P&D Application Guide 3.00 / FORGE 2.8.0,41,246,"Listed delivery, listed pickup, and unmanifested delivery",KNOWLEDGE_MAPPED,KNO-FORGE-UNMANIFESTED-DELIVERY-001,0,Mapped to one or more operational knowledge records with exact source evidence.,
SRC-GDRIVE-FILE-0008,FORGE P&D Application Guide 3.00 / FORGE 2.8.0,42,246,"Listed delivery, listed pickup, and unmanifested delivery",KNOWLEDGE_MAPPED,KNO-FORGE-UNMANIFESTED-DELIVERY-001,0,Mapped to one or more operational knowledge records with exact source evidence.,
SRC-GDRIVE-FILE-0008,FORGE P&D Application Guide 3.00 / FORGE 2.8.0,43,246,Unlisted retail pickup,KNOWLEDGE_MAPPED,KNO-PUP-UNLISTED-001,0,Mapped to one or more operational knowledge records with exact source evidence.,
SRC-GDRIVE-FILE-0008,FORGE P&D Application Guide 3.00 / FORGE 2.8.0,44,246,Unlisted retail pickup,KNOWLEDGE_MAPPED,KNO-PUP-UNLISTED-001,0,Mapped to one or more operational knowledge records with exact source evidence.,
SRC-GDRIVE-FILE-0008,FORGE P&D Application Guide 3.00 / FORGE 2.8.0,45,246,Unlisted retail pickup,KNOWLEDGE_MAPPED,KNO-PUP-UNLISTED-001,0,Mapped to one or more operational knowledge records with exact source evidence.,
SRC-GDRIVE-FILE-0008,FORGE P&D Application Guide 3.00 / FORGE 2.8.0,46,246,Unlisted retail pickup,KNOWLEDGE_MAPPED,KNO-PUP-UNLISTED-001,0,Mapped to one or more operational knowledge records with exact source evidence.,
SRC-GDRIVE-FILE-0008,FORGE P&D Application Guide 3.00 / FORGE 2.8.0,47,246,Unlisted retail pickup,KNOWLEDGE_MAPPED,KNO-PUP-UNLISTED-001,0,Mapped to one or more operational knowledge records with exact source evidence.,
SRC-GDRIVE-FILE-0008,FORGE P&D Application Guide 3.00 / FORGE 2.8.0,48,246,Unlisted retail pickup,KNOWLEDGE_MAPPED,KNO-PUP-UNLISTED-001,0,Mapped to one or more operational knowledge records with exact source evidence.,
SRC-GDRIVE-FILE-0008,FORGE P&D Application Guide 3.00 / FORGE 2.8.0,49,246,Stop-level and package-level delivery status scope,KNOWLEDGE_MAPPED,KNO-FORGE-STATUS-SCOPE-001,0,Mapped to one or more operational knowledge records with exact source evidence.,
SRC-GDRIVE-FILE-0008,FORGE P&D Application Guide 3.00 / FORGE 2.8.0,50,246,Stop-level and package-level delivery status scope,KNOWLEDGE_MAPPED,KNO-FORGE-STATUS-SCOPE-001,0,Mapped to one or more operational knowledge records with exact source evidence.,
SRC-GDRIVE-FILE-0008,FORGE P&D Application Guide 3.00 / FORGE 2.8.0,51,246,Stop-level and package-level delivery status scope,KNOWLEDGE_MAPPED,KNO-FORGE-STATUS-SCOPE-001,0,Mapped to one or more operational knowledge records with exact source evidence.,
SRC-GDRIVE-FILE-0008,FORGE P&D Application Guide 3.00 / FORGE 2.8.0,52,246,Stop-level and package-level delivery status scope,KNOWLEDGE_MAPPED,KNO-FORGE-STATUS-SCOPE-001,0,Mapped to one or more operational knowledge records with exact source evidence.,
SRC-GDRIVE-FILE-0008,FORGE P&D Application Guide 3.00 / FORGE 2.8.0,53,246,Stop-level and package-level delivery status scope,KNOWLEDGE_MAPPED,KNO-FORGE-STATUS-SCOPE-001,0,Mapped to one or more operational knowledge records with exact source evidence.,
SRC-GDRIVE-FILE-0008,FORGE P&D Application Guide 3.00 / FORGE 2.8.0,54,246,Stop-level and package-level delivery status scope,KNOWLEDGE_MAPPED,KNO-FORGE-STATUS-SCOPE-001,0,Mapped to one or more operational knowledge records with exact source evidence.,
SRC-GDRIVE-FILE-0008,FORGE P&D Application Guide 3.00 / FORGE 2.8.0,55,246,Stop-level and package-level delivery status scope,KNOWLEDGE_MAPPED,KNO-FORGE-STATUS-SCOPE-001,0,Mapped to one or more operational knowledge records with exact source evidence.,
SRC-GDRIVE-FILE-0008,FORGE P&D Application Guide 3.00 / FORGE 2.8.0,56,246,Stop-level and package-level delivery status scope,KNOWLEDGE_MAPPED,KNO-FORGE-STATUS-SCOPE-001,0,Mapped to one or more operational knowledge records with exact source evidence.,
SRC-GDRIVE-FILE-0008,FORGE P&D Application Guide 3.00 / FORGE 2.8.0,57,246,Stop-level and package-level delivery status scope,KNOWLEDGE_MAPPED,KNO-FORGE-STATUS-SCOPE-001,0,Mapped to one or more operational knowledge records with exact source evidence.,
SRC-GDRIVE-FILE-0008,FORGE P&D Application Guide 3.00 / FORGE 2.8.0,58,246,Stop-level and package-level delivery status scope,KNOWLEDGE_MAPPED,KNO-FORGE-STATUS-SCOPE-001,0,Mapped to one or more operational knowledge records with exact source evidence.,
SRC-GDRIVE-FILE-0008,FORGE P&D Application Guide 3.00 / FORGE 2.8.0,59,246,Zero-package pickup,KNOWLEDGE_MAPPED,KNO-PUP-ZERO-001,0,Mapped to one or more operational knowledge records with exact source evidence.,
SRC-GDRIVE-FILE-0008,FORGE P&D Application Guide 3.00 / FORGE 2.8.0,60,246,Zero-package pickup,KNOWLEDGE_MAPPED,KNO-PUP-ZERO-001,0,Mapped to one or more operational knowledge records with exact source evidence.,
SRC-GDRIVE-FILE-0008,FORGE P&D Application Guide 3.00 / FORGE 2.8.0,61,246,Zero-package pickup,KNOWLEDGE_MAPPED,KNO-PUP-ZERO-001,0,Mapped to one or more operational knowledge records with exact source evidence.,
SRC-GDRIVE-FILE-0008,FORGE P&D Application Guide 3.00 / FORGE 2.8.0,62,246,Misdelivery pickup and same-day redelivery,KNOWLEDGE_MAPPED,KNO-DEL-MISDELIVERY-RECOVERY-001,0,Mapped to one or more operational knowledge records with exact source evidence.,
SRC-GDRIVE-FILE-0008,FORGE P&D Application Guide 3.00 / FORGE 2.8.0,63,246,Misdelivery pickup and same-day redelivery,KNOWLEDGE_MAPPED,KNO-DEL-MISDELIVERY-RECOVERY-001,0,Mapped to one or more operational knowledge records with exact source evidence.,
SRC-GDRIVE-FILE-0008,FORGE P&D Application Guide 3.00 / FORGE 2.8.0,64,246,Misdelivery pickup and same-day redelivery,KNOWLEDGE_MAPPED,KNO-DEL-MISDELIVERY-RECOVERY-001,0,Mapped to one or more operational knowledge records with exact source evidence.,
SRC-GDRIVE-FILE-0008,FORGE P&D Application Guide 3.00 / FORGE 2.8.0,65,246,Misdelivery pickup and same-day redelivery,KNOWLEDGE_MAPPED,KNO-DEL-MISDELIVERY-RECOVERY-001,0,Mapped to one or more operational knowledge records with exact source evidence.,
SRC-GDRIVE-FILE-0008,FORGE P&D Application Guide 3.00 / FORGE 2.8.0,66,246,Misdelivery pickup and same-day redelivery,KNOWLEDGE_MAPPED,KNO-DEL-MISDELIVERY-RECOVERY-001,0,Mapped to one or more operational knowledge records with exact source evidence.,
SRC-GDRIVE-FILE-0008,FORGE P&D Application Guide 3.00 / FORGE 2.8.0,67,246,Misdelivery pickup and same-day redelivery,KNOWLEDGE_MAPPED,KNO-DEL-MISDELIVERY-RECOVERY-001,0,Mapped to one or more operational knowledge records with exact source evidence.,
SRC-GDRIVE-FILE-0008,FORGE P&D Application Guide 3.00 / FORGE 2.8.0,68,246,Misdelivery pickup and same-day redelivery,KNOWLEDGE_MAPPED,KNO-DEL-MISDELIVERY-RECOVERY-001,0,Mapped to one or more operational knowledge records with exact source evidence.,
SRC-GDRIVE-FILE-0008,FORGE P&D Application Guide 3.00 / FORGE 2.8.0,69,246,Misdelivery pickup and same-day redelivery,KNOWLEDGE_MAPPED,KNO-DEL-MISDELIVERY-RECOVERY-001,0,Mapped to one or more operational knowledge records with exact source evidence.,
SRC-GDRIVE-FILE-0008,FORGE P&D Application Guide 3.00 / FORGE 2.8.0,70,246,Misdelivery pickup and same-day redelivery,KNOWLEDGE_MAPPED,KNO-DEL-MISDELIVERY-RECOVERY-001,0,Mapped to one or more operational knowledge records with exact source evidence.,
SRC-GDRIVE-FILE-0008,FORGE P&D Application Guide 3.00 / FORGE 2.8.0,71,246,Misdelivery pickup and same-day redelivery,KNOWLEDGE_MAPPED,KNO-DEL-MISDELIVERY-RECOVERY-001,0,Mapped to one or more operational knowledge records with exact source evidence.,
SRC-GDRIVE-FILE-0008,FORGE P&D Application Guide 3.00 / FORGE 2.8.0,72,246,Misdelivery pickup and same-day redelivery,KNOWLEDGE_MAPPED,KNO-DEL-MISDELIVERY-RECOVERY-001,0,Mapped to one or more operational knowledge records with exact source evidence.,
SRC-GDRIVE-FILE-0008,FORGE P&D Application Guide 3.00 / FORGE 2.8.0,73,246,"Indirect, residential, and business release",KNOWLEDGE_MAPPED,KNO-DEL-SIG-ISR-001,0,Mapped to one or more operational knowledge records with exact source evidence.,
SRC-GDRIVE-FILE-0008,FORGE P&D Application Guide 3.00 / FORGE 2.8.0,74,246,"Indirect, residential, and business release",KNOWLEDGE_MAPPED,KNO-DEL-SIG-ISR-001,0,Mapped to one or more operational knowledge records with exact source evidence.,
SRC-GDRIVE-FILE-0008,FORGE P&D Application Guide 3.00 / FORGE 2.8.0,75,246,"Indirect, residential, and business release",KNOWLEDGE_MAPPED,KNO-DEL-SIG-ISR-001,0,Mapped to one or more operational knowledge records with exact source evidence.,
SRC-GDRIVE-FILE-0008,FORGE P&D Application Guide 3.00 / FORGE 2.8.0,76,246,"Indirect, residential, and business release",KNOWLEDGE_MAPPED,KNO-DEL-SIG-ISR-001,0,Mapped to one or more operational knowledge records with exact source evidence.,
SRC-GDRIVE-FILE-0008,FORGE P&D Application Guide 3.00 / FORGE 2.8.0,77,246,"Indirect, residential, and business release",KNOWLEDGE_MAPPED,KNO-DEL-PPOD-001,0,Mapped to one or more operational knowledge records with exact source evidence.,
SRC-GDRIVE-FILE-0008,FORGE P&D Application Guide 3.00 / FORGE 2.8.0,78,246,"Indirect, residential, and business release",KNOWLEDGE_MAPPED,KNO-DEL-PPOD-001,0,Mapped to one or more operational knowledge records with exact source evidence.,
SRC-GDRIVE-FILE-0008,FORGE P&D Application Guide 3.00 / FORGE 2.8.0,79,246,"Indirect, residential, and business release",UI_SCREEN_REFERENCE,,0,"Intermediate residential release screen showing the locker-number prompt and SKIP control; it does not independently establish locker eligibility, when omission is authorized, or PPOD content requirements.",
SRC-GDRIVE-FILE-0008,FORGE P&D Application Guide 3.00 / FORGE 2.8.0,80,246,"Indirect, residential, and business release",UI_SCREEN_REFERENCE,,0,Intermediate residential release screen showing an optional door-tag scan for non-Other release selections; current door-tag requirements are established by mapped OP-117 procedures.,
SRC-GDRIVE-FILE-0008,FORGE P&D Application Guide 3.00 / FORGE 2.8.0,81,246,"Indirect, residential, and business release",KNOWLEDGE_MAPPED,KNO-DEL-PPOD-001,0,Mapped to one or more operational knowledge records with exact source evidence.,
SRC-GDRIVE-FILE-0008,FORGE P&D Application Guide 3.00 / FORGE 2.8.0,82,246,"Indirect, residential, and business release",KNOWLEDGE_MAPPED,KNO-DEL-PPOD-001,0,Mapped to one or more operational knowledge records with exact source evidence.,
SRC-GDRIVE-FILE-0008,FORGE P&D Application Guide 3.00 / FORGE 2.8.0,83,246,"Indirect, residential, and business release",KNOWLEDGE_MAPPED,KNO-DEL-BUS-OP201-001,0,Mapped to one or more operational knowledge records with exact source evidence.,
SRC-GDRIVE-FILE-0008,FORGE P&D Application Guide 3.00 / FORGE 2.8.0,84,246,"Indirect, residential, and business release",KNOWLEDGE_MAPPED,KNO-DEL-BUS-OP201-001,0,Mapped to one or more operational knowledge records with exact source evidence.,
SRC-GDRIVE-FILE-0008,FORGE P&D Application Guide 3.00 / FORGE 2.8.0,85,246,"Indirect, residential, and business release",KNOWLEDGE_MAPPED,KNO-DEL-BUS-OP201-001,0,Mapped to one or more operational knowledge records with exact source evidence.,
SRC-GDRIVE-FILE-0008,FORGE P&D Application Guide 3.00 / FORGE 2.8.0,86,246,International pickup documents,KNOWLEDGE_MAPPED,KNO-PUP-INTERNATIONAL-DOCS-001,0,Mapped to one or more operational knowledge records with exact source evidence.,
SRC-GDRIVE-FILE-0008,FORGE P&D Application Guide 3.00 / FORGE 2.8.0,87,246,International pickup documents,KNOWLEDGE_MAPPED,KNO-PUP-INTERNATIONAL-DOCS-001,0,Mapped to one or more operational knowledge records with exact source evidence.,
SRC-GDRIVE-FILE-0008,FORGE P&D Application Guide 3.00 / FORGE 2.8.0,88,246,International pickup documents,KNOWLEDGE_MAPPED,KNO-PUP-INTERNATIONAL-DOCS-001,0,Mapped to one or more operational knowledge records with exact source evidence.,
SRC-GDRIVE-FILE-0008,FORGE P&D Application Guide 3.00 / FORGE 2.8.0,89,246,International pickup documents,KNOWLEDGE_MAPPED,KNO-PUP-INTERNATIONAL-DOCS-001,0,Mapped to one or more operational knowledge records with exact source evidence.,
SRC-GDRIVE-FILE-0008,FORGE P&D Application Guide 3.00 / FORGE 2.8.0,90,246,International pickup documents,KNOWLEDGE_MAPPED,KNO-PUP-INTERNATIONAL-DOCS-001,0,Mapped to one or more operational knowledge records with exact source evidence.,
SRC-GDRIVE-FILE-0008,FORGE P&D Application Guide 3.00 / FORGE 2.8.0,91,246,International pickup documents,KNOWLEDGE_MAPPED,KNO-PUP-INTERNATIONAL-DOCS-001,0,Mapped to one or more operational knowledge records with exact source evidence.,
SRC-GDRIVE-FILE-0008,FORGE P&D Application Guide 3.00 / FORGE 2.8.0,92,246,Adult Signature Required delivery,KNOWLEDGE_MAPPED,KNO-DEL-SIG-ASR-001,0,Mapped to one or more operational knowledge records with exact source evidence.,
SRC-GDRIVE-FILE-0008,FORGE P&D Application Guide 3.00 / FORGE 2.8.0,93,246,Adult Signature Required delivery,UI_SCREEN_REFERENCE,,0,Intermediate ASR time-definite and Stop Details screens; the page adds no independent ASR rule beyond the mapped eligibility and completion pages.,
SRC-GDRIVE-FILE-0008,FORGE P&D Application Guide 3.00 / FORGE 2.8.0,94,246,Adult Signature Required delivery,KNOWLEDGE_MAPPED,KNO-DEL-SIG-ASR-001,0,Mapped to one or more operational knowledge records with exact source evidence.,
SRC-GDRIVE-FILE-0008,FORGE P&D Application Guide 3.00 / FORGE 2.8.0,95,246,Adult Signature Required delivery,KNOWLEDGE_MAPPED,KNO-DEL-SIG-ASR-001,0,Mapped to one or more operational knowledge records with exact source evidence.,
SRC-GDRIVE-FILE-0008,FORGE P&D Application Guide 3.00 / FORGE 2.8.0,96,246,Adult Signature Required delivery,KNOWLEDGE_MAPPED,KNO-DEL-SIG-ASR-001,0,Mapped to one or more operational knowledge records with exact source evidence.,
SRC-GDRIVE-FILE-0008,FORGE P&D Application Guide 3.00 / FORGE 2.8.0,97,246,COD and SenseAware delivery,KNOWLEDGE_MAPPED,KNO-DEL-COD-MULTI-001,0,Mapped to one or more operational knowledge records with exact source evidence.,
SRC-GDRIVE-FILE-0008,FORGE P&D Application Guide 3.00 / FORGE 2.8.0,98,246,COD and SenseAware delivery,KNOWLEDGE_MAPPED,KNO-DEL-COD-MULTI-001,0,Mapped to one or more operational knowledge records with exact source evidence.,
SRC-GDRIVE-FILE-0008,FORGE P&D Application Guide 3.00 / FORGE 2.8.0,99,246,COD and SenseAware delivery,KNOWLEDGE_MAPPED,KNO-DEL-COD-MULTI-001,0,Mapped to one or more operational knowledge records with exact source evidence.,
SRC-GDRIVE-FILE-0008,FORGE P&D Application Guide 3.00 / FORGE 2.8.0,100,246,COD and SenseAware delivery,KNOWLEDGE_MAPPED,KNO-DEL-COD-MULTI-001,0,Mapped to one or more operational knowledge records with exact source evidence.,
SRC-GDRIVE-FILE-0008,FORGE P&D Application Guide 3.00 / FORGE 2.8.0,101,246,COD and SenseAware delivery,KNOWLEDGE_MAPPED,KNO-DEL-COD-MULTI-001,0,Mapped to one or more operational knowledge records with exact source evidence.,
SRC-GDRIVE-FILE-0008,FORGE P&D Application Guide 3.00 / FORGE 2.8.0,102,246,COD and SenseAware delivery,KNOWLEDGE_MAPPED,KNO-DEL-SENSEAWARE-TAG-001,0,Mapped to one or more operational knowledge records with exact source evidence.,
SRC-GDRIVE-FILE-0008,FORGE P&D Application Guide 3.00 / FORGE 2.8.0,103,246,COD and SenseAware delivery,KNOWLEDGE_MAPPED,KNO-DEL-SENSEAWARE-TAG-001,0,Mapped to one or more operational knowledge records with exact source evidence.,
SRC-GDRIVE-FILE-0008,FORGE P&D Application Guide 3.00 / FORGE 2.8.0,104,246,Pharmacy and critical-healthcare delivery,KNOWLEDGE_MAPPED,KNO-DEL-PHARMACY-001,0,Mapped to one or more operational knowledge records with exact source evidence.,
SRC-GDRIVE-FILE-0008,FORGE P&D Application Guide 3.00 / FORGE 2.8.0,105,246,Pharmacy and critical-healthcare delivery,KNOWLEDGE_MAPPED,KNO-DEL-PHARMACY-001,0,Mapped to one or more operational knowledge records with exact source evidence.,
SRC-GDRIVE-FILE-0008,FORGE P&D Application Guide 3.00 / FORGE 2.8.0,106,246,Pharmacy and critical-healthcare delivery,KNOWLEDGE_MAPPED,KNO-DEL-PHARMACY-001,0,Mapped to one or more operational knowledge records with exact source evidence.,
SRC-GDRIVE-FILE-0008,FORGE P&D Application Guide 3.00 / FORGE 2.8.0,107,246,Pharmacy and critical-healthcare delivery,KNOWLEDGE_MAPPED,KNO-DEL-CRITICAL-HEALTH-001,0,Mapped to one or more operational knowledge records with exact source evidence.,
SRC-GDRIVE-FILE-0008,FORGE P&D Application Guide 3.00 / FORGE 2.8.0,108,246,Pharmacy and critical-healthcare delivery,KNOWLEDGE_MAPPED,KNO-DEL-CRITICAL-HEALTH-001,0,Mapped to one or more operational knowledge records with exact source evidence.,
SRC-GDRIVE-FILE-0008,FORGE P&D Application Guide 3.00 / FORGE 2.8.0,109,246,Pharmacy and critical-healthcare delivery,KNOWLEDGE_MAPPED,KNO-DEL-CRITICAL-HEALTH-001,0,Mapped to one or more operational knowledge records with exact source evidence.,
SRC-GDRIVE-FILE-0008,FORGE P&D Application Guide 3.00 / FORGE 2.8.0,110,246,HAL transfer and hazmat delivery,KNOWLEDGE_MAPPED,KNO-DEL-HAL-DELIVERY-001;KNO-DEL-HAL-NONHAL-TRANSFER-001,0,Mapped to one or more operational knowledge records with exact source evidence.,
SRC-GDRIVE-FILE-0008,FORGE P&D Application Guide 3.00 / FORGE 2.8.0,111,246,HAL transfer and hazmat delivery,KNOWLEDGE_MAPPED,KNO-DEL-HAL-DELIVERY-001,0,Mapped to one or more operational knowledge records with exact source evidence.,
SRC-GDRIVE-FILE-0008,FORGE P&D Application Guide 3.00 / FORGE 2.8.0,112,246,HAL transfer and hazmat delivery,KNOWLEDGE_MAPPED,KNO-DEL-HAL-DELIVERY-001,0,Mapped to one or more operational knowledge records with exact source evidence.,
SRC-GDRIVE-FILE-0008,FORGE P&D Application Guide 3.00 / FORGE 2.8.0,113,246,HAL transfer and hazmat delivery,KNOWLEDGE_MAPPED,KNO-DEL-HAL-DELIVERY-001,0,Mapped to one or more operational knowledge records with exact source evidence.,
SRC-GDRIVE-FILE-0008,FORGE P&D Application Guide 3.00 / FORGE 2.8.0,114,246,HAL transfer and hazmat delivery,KNOWLEDGE_MAPPED,KNO-DEL-HAL-NONHAL-TRANSFER-001,0,Mapped to one or more operational knowledge records with exact source evidence.,
SRC-GDRIVE-FILE-0008,FORGE P&D Application Guide 3.00 / FORGE 2.8.0,115,246,HAL transfer and hazmat delivery,KNOWLEDGE_MAPPED,KNO-DEL-HAZMAT-SIGNATURE-001,0,Mapped to one or more operational knowledge records with exact source evidence.,
SRC-GDRIVE-FILE-0008,FORGE P&D Application Guide 3.00 / FORGE 2.8.0,116,246,HAL transfer and hazmat delivery,KNOWLEDGE_MAPPED,KNO-DEL-HAZMAT-SIGNATURE-001,0,Mapped to one or more operational knowledge records with exact source evidence.,
SRC-GDRIVE-FILE-0008,FORGE P&D Application Guide 3.00 / FORGE 2.8.0,117,246,"Unlisted hazmat, call-tag, and SenseAware pickup",KNOWLEDGE_MAPPED,KNO-PUP-UNLISTED-001,0,Mapped to one or more operational knowledge records with exact source evidence.,
SRC-GDRIVE-FILE-0008,FORGE P&D Application Guide 3.00 / FORGE 2.8.0,118,246,"Unlisted hazmat, call-tag, and SenseAware pickup",KNOWLEDGE_MAPPED,KNO-PUP-UNLISTED-001,0,Mapped to one or more operational knowledge records with exact source evidence.,
SRC-GDRIVE-FILE-0008,FORGE P&D Application Guide 3.00 / FORGE 2.8.0,119,246,"Unlisted hazmat, call-tag, and SenseAware pickup",KNOWLEDGE_MAPPED,KNO-PUP-UNLISTED-001,0,Mapped to one or more operational knowledge records with exact source evidence.,
SRC-GDRIVE-FILE-0008,FORGE P&D Application Guide 3.00 / FORGE 2.8.0,120,246,"Unlisted hazmat, call-tag, and SenseAware pickup",KNOWLEDGE_MAPPED,KNO-PUP-UNLISTED-001,0,Mapped to one or more operational knowledge records with exact source evidence.,
SRC-GDRIVE-FILE-0008,FORGE P&D Application Guide 3.00 / FORGE 2.8.0,121,246,"Unlisted hazmat, call-tag, and SenseAware pickup",KNOWLEDGE_MAPPED,KNO-PUP-UNLISTED-001,0,Mapped to one or more operational knowledge records with exact source evidence.,
SRC-GDRIVE-FILE-0008,FORGE P&D Application Guide 3.00 / FORGE 2.8.0,122,246,"Unlisted hazmat, call-tag, and SenseAware pickup",KNOWLEDGE_MAPPED,KNO-FORGE-CALLTAG-SCOPE-001,0,Mapped to one or more operational knowledge records with exact source evidence.,
SRC-GDRIVE-FILE-0008,FORGE P&D Application Guide 3.00 / FORGE 2.8.0,123,246,"Unlisted hazmat, call-tag, and SenseAware pickup",UI_SCREEN_REFERENCE,,0,Intermediate call-tag Pickup selection and listed-stop dropdown screens; the generic unlisted-pickup procedure is established by current OP-117 and its mapped FORGE workflow.,
SRC-GDRIVE-FILE-0008,FORGE P&D Application Guide 3.00 / FORGE 2.8.0,124,246,"Unlisted hazmat, call-tag, and SenseAware pickup",UI_SCREEN_REFERENCE,,0,Intermediate call-tag listed-stop assignment and Not On List branch screens; the generic branch is established by the mapped unlisted-pickup procedure.,
SRC-GDRIVE-FILE-0008,FORGE P&D Application Guide 3.00 / FORGE 2.8.0,125,246,"Unlisted hazmat, call-tag, and SenseAware pickup",UI_SCREEN_REFERENCE,,0,Intermediate call-tag address-entry and action-menu screens; the page adds no independent rule beyond the mapped unlisted-pickup and call-tag action-scope procedures.,
SRC-GDRIVE-FILE-0008,FORGE P&D Application Guide 3.00 / FORGE 2.8.0,126,246,"Unlisted hazmat, call-tag, and SenseAware pickup",KNOWLEDGE_MAPPED,KNO-FORGE-CALLTAG-SCOPE-001;KNO-PUP-CALLTAG-FRAUD-001,0,Mapped to one or more operational knowledge records with exact source evidence.,
SRC-GDRIVE-FILE-0008,FORGE P&D Application Guide 3.00 / FORGE 2.8.0,127,246,"Unlisted hazmat, call-tag, and SenseAware pickup",KNOWLEDGE_MAPPED,KNO-FORGE-CALLTAG-SCOPE-001,0,Mapped to one or more operational knowledge records with exact source evidence.,
SRC-GDRIVE-FILE-0008,FORGE P&D Application Guide 3.00 / FORGE 2.8.0,128,246,"Unlisted hazmat, call-tag, and SenseAware pickup",UI_SCREEN_REFERENCE,,0,Blank continuation page within the call-tag walkthrough; no independent procedure.,
SRC-GDRIVE-FILE-0008,FORGE P&D Application Guide 3.00 / FORGE 2.8.0,129,246,"Unlisted hazmat, call-tag, and SenseAware pickup",UI_SCREEN_REFERENCE,,0,Intermediate call-tag stop-type and close-control screens; the generic stop classification and close mechanics are established by mapped pickup procedures.,
SRC-GDRIVE-FILE-0008,FORGE P&D Application Guide 3.00 / FORGE 2.8.0,130,246,"Unlisted hazmat, call-tag, and SenseAware pickup",UI_SCREEN_REFERENCE,,0,Intermediate call-tag close-summary and Non-Delivered Package screens; the page adds no independent outcome rule beyond the mapped call-tag procedures.,
SRC-GDRIVE-FILE-0008,FORGE P&D Application Guide 3.00 / FORGE 2.8.0,131,246,"Unlisted hazmat, call-tag, and SenseAware pickup",KNOWLEDGE_MAPPED,KNO-PUP-SENSEAWARE-NOHEALTHY-001,0,Mapped to one or more operational knowledge records with exact source evidence.,
SRC-GDRIVE-FILE-0008,FORGE P&D Application Guide 3.00 / FORGE 2.8.0,132,246,"Unlisted hazmat, call-tag, and SenseAware pickup",KNOWLEDGE_MAPPED,KNO-PUP-SENSEAWARE-NOHEALTHY-001,0,Mapped to one or more operational knowledge records with exact source evidence.,
SRC-GDRIVE-FILE-0008,FORGE P&D Application Guide 3.00 / FORGE 2.8.0,133,246,"Unlisted hazmat, call-tag, and SenseAware pickup",KNOWLEDGE_MAPPED,KNO-PUP-SENSEAWARE-NOHEALTHY-001,0,Mapped to one or more operational knowledge records with exact source evidence.,
SRC-GDRIVE-FILE-0008,FORGE P&D Application Guide 3.00 / FORGE 2.8.0,134,246,"Unlisted hazmat, call-tag, and SenseAware pickup",KNOWLEDGE_MAPPED,KNO-PUP-SENSEAWARE-NOHEALTHY-001,0,Mapped to one or more operational knowledge records with exact source evidence.,
SRC-GDRIVE-FILE-0008,FORGE P&D Application Guide 3.00 / FORGE 2.8.0,135,246,Bulk delivery and pickup,KNOWLEDGE_MAPPED,KNO-FORGE-BULK-001,0,Mapped to one or more operational knowledge records with exact source evidence.,
SRC-GDRIVE-FILE-0008,FORGE P&D Application Guide 3.00 / FORGE 2.8.0,136,246,Bulk delivery and pickup,KNOWLEDGE_MAPPED,KNO-FORGE-BULK-001,0,Mapped to one or more operational knowledge records with exact source evidence.,
SRC-GDRIVE-FILE-0008,FORGE P&D Application Guide 3.00 / FORGE 2.8.0,137,246,Bulk delivery and pickup,KNOWLEDGE_MAPPED,KNO-FORGE-BULK-001,0,Mapped to one or more operational knowledge records with exact source evidence.,
SRC-GDRIVE-FILE-0008,FORGE P&D Application Guide 3.00 / FORGE 2.8.0,138,246,Bulk delivery and pickup,KNOWLEDGE_MAPPED,KNO-FORGE-BULK-001,0,Mapped to one or more operational knowledge records with exact source evidence.,
SRC-GDRIVE-FILE-0008,FORGE P&D Application Guide 3.00 / FORGE 2.8.0,139,246,Bulk delivery and pickup,KNOWLEDGE_MAPPED,KNO-FORGE-BULK-001,0,Mapped to one or more operational knowledge records with exact source evidence.,
SRC-GDRIVE-FILE-0008,FORGE P&D Application Guide 3.00 / FORGE 2.8.0,140,246,Bulk delivery and pickup,KNOWLEDGE_MAPPED,KNO-FORGE-BULK-001,0,Mapped to one or more operational knowledge records with exact source evidence.,
SRC-GDRIVE-FILE-0008,FORGE P&D Application Guide 3.00 / FORGE 2.8.0,141,246,Bulk delivery and pickup,KNOWLEDGE_MAPPED,KNO-FORGE-BULK-001,0,Mapped to one or more operational knowledge records with exact source evidence.,
SRC-GDRIVE-FILE-0008,FORGE P&D Application Guide 3.00 / FORGE 2.8.0,142,246,Bulk delivery and pickup,KNOWLEDGE_MAPPED,KNO-FORGE-BULK-001,0,Mapped to one or more operational knowledge records with exact source evidence.,
SRC-GDRIVE-FILE-0008,FORGE P&D Application Guide 3.00 / FORGE 2.8.0,143,246,"Combine, split, revisit, and merge stop workflows",KNOWLEDGE_MAPPED,KNO-FORGE-COMBINE-DELIVERY-001,0,Mapped to one or more operational knowledge records with exact source evidence.,
SRC-GDRIVE-FILE-0008,FORGE P&D Application Guide 3.00 / FORGE 2.8.0,144,246,"Combine, split, revisit, and merge stop workflows",KNOWLEDGE_MAPPED,KNO-FORGE-COMBINE-DELIVERY-001,0,Mapped to one or more operational knowledge records with exact source evidence.,
SRC-GDRIVE-FILE-0008,FORGE P&D Application Guide 3.00 / FORGE 2.8.0,145,246,"Combine, split, revisit, and merge stop workflows",KNOWLEDGE_MAPPED,KNO-FORGE-COMBINE-DELIVERY-001,0,Mapped to one or more operational knowledge records with exact source evidence.,
SRC-GDRIVE-FILE-0008,FORGE P&D Application Guide 3.00 / FORGE 2.8.0,146,246,"Combine, split, revisit, and merge stop workflows",KNOWLEDGE_MAPPED,KNO-FORGE-SPLIT-DELIVERY-001,0,Mapped to one or more operational knowledge records with exact source evidence.,
SRC-GDRIVE-FILE-0008,FORGE P&D Application Guide 3.00 / FORGE 2.8.0,147,246,"Combine, split, revisit, and merge stop workflows",KNOWLEDGE_MAPPED,KNO-FORGE-SPLIT-DELIVERY-001,0,Mapped to one or more operational knowledge records with exact source evidence.,
SRC-GDRIVE-FILE-0008,FORGE P&D Application Guide 3.00 / FORGE 2.8.0,148,246,"Combine, split, revisit, and merge stop workflows",KNOWLEDGE_MAPPED,KNO-FORGE-SPLIT-DELIVERY-001,0,Mapped to one or more operational knowledge records with exact source evidence.,
SRC-GDRIVE-FILE-0008,FORGE P&D Application Guide 3.00 / FORGE 2.8.0,149,246,"Combine, split, revisit, and merge stop workflows",KNOWLEDGE_MAPPED,KNO-FORGE-SPLIT-DELIVERY-001,0,Mapped to one or more operational knowledge records with exact source evidence.,
SRC-GDRIVE-FILE-0008,FORGE P&D Application Guide 3.00 / FORGE 2.8.0,150,246,"Combine, split, revisit, and merge stop workflows",KNOWLEDGE_MAPPED,KNO-FORGE-SPLIT-DELIVERY-001,0,Mapped to one or more operational knowledge records with exact source evidence.,
SRC-GDRIVE-FILE-0008,FORGE P&D Application Guide 3.00 / FORGE 2.8.0,151,246,"Combine, split, revisit, and merge stop workflows",KNOWLEDGE_MAPPED,KNO-FORGE-COMBO-STOP-001,0,Mapped to one or more operational knowledge records with exact source evidence.,
SRC-GDRIVE-FILE-0008,FORGE P&D Application Guide 3.00 / FORGE 2.8.0,152,246,"Combine, split, revisit, and merge stop workflows",KNOWLEDGE_MAPPED,KNO-FORGE-COMBO-STOP-001,0,Mapped to one or more operational knowledge records with exact source evidence.,
SRC-GDRIVE-FILE-0008,FORGE P&D Application Guide 3.00 / FORGE 2.8.0,153,246,"Combine, split, revisit, and merge stop workflows",KNOWLEDGE_MAPPED,KNO-FORGE-COMBO-STOP-001,0,Mapped to one or more operational knowledge records with exact source evidence.,
SRC-GDRIVE-FILE-0008,FORGE P&D Application Guide 3.00 / FORGE 2.8.0,154,246,"Combine, split, revisit, and merge stop workflows",KNOWLEDGE_MAPPED,KNO-FORGE-COMBO-STOP-001,0,Mapped to one or more operational knowledge records with exact source evidence.,
SRC-GDRIVE-FILE-0008,FORGE P&D Application Guide 3.00 / FORGE 2.8.0,155,246,"Combine, split, revisit, and merge stop workflows",KNOWLEDGE_MAPPED,KNO-FORGE-COMBO-STOP-001,0,Mapped to one or more operational knowledge records with exact source evidence.,
SRC-GDRIVE-FILE-0008,FORGE P&D Application Guide 3.00 / FORGE 2.8.0,156,246,"Combine, split, revisit, and merge stop workflows",KNOWLEDGE_MAPPED,KNO-FORGE-MERGE-PICKUP-001,0,Mapped to one or more operational knowledge records with exact source evidence.,
SRC-GDRIVE-FILE-0008,FORGE P&D Application Guide 3.00 / FORGE 2.8.0,157,246,"Combine, split, revisit, and merge stop workflows",KNOWLEDGE_MAPPED,KNO-FORGE-MERGE-PICKUP-001,0,Mapped to one or more operational knowledge records with exact source evidence.,
SRC-GDRIVE-FILE-0008,FORGE P&D Application Guide 3.00 / FORGE 2.8.0,158,246,"Combine, split, revisit, and merge stop workflows",KNOWLEDGE_MAPPED,KNO-FORGE-MERGE-PICKUP-001,0,Mapped to one or more operational knowledge records with exact source evidence.,
SRC-GDRIVE-FILE-0008,FORGE P&D Application Guide 3.00 / FORGE 2.8.0,159,246,"Combine, split, revisit, and merge stop workflows",KNOWLEDGE_MAPPED,KNO-FORGE-MERGE-PICKUP-001,0,Mapped to one or more operational knowledge records with exact source evidence.,
SRC-GDRIVE-FILE-0008,FORGE P&D Application Guide 3.00 / FORGE 2.8.0,160,246,"Combine, split, revisit, and merge stop workflows",KNOWLEDGE_MAPPED,KNO-FORGE-MERGE-PICKUP-001,0,Mapped to one or more operational knowledge records with exact source evidence.,
SRC-GDRIVE-FILE-0008,FORGE P&D Application Guide 3.00 / FORGE 2.8.0,161,246,"Combine, split, revisit, and merge stop workflows",KNOWLEDGE_MAPPED,KNO-FORGE-MERGE-PICKUP-001,0,Mapped to one or more operational knowledge records with exact source evidence.,
SRC-GDRIVE-FILE-0008,FORGE P&D Application Guide 3.00 / FORGE 2.8.0,162,246,"Combine, split, revisit, and merge stop workflows",KNOWLEDGE_MAPPED,KNO-FORGE-MERGE-PICKUP-001,0,Mapped to one or more operational knowledge records with exact source evidence.,
SRC-GDRIVE-FILE-0008,FORGE P&D Application Guide 3.00 / FORGE 2.8.0,163,246,"Combine, split, revisit, and merge stop workflows",KNOWLEDGE_MAPPED,KNO-FORGE-MERGE-PICKUP-001,0,Mapped to one or more operational knowledge records with exact source evidence.,
SRC-GDRIVE-FILE-0008,FORGE P&D Application Guide 3.00 / FORGE 2.8.0,164,246,"Combine, split, revisit, and merge stop workflows",KNOWLEDGE_MAPPED,KNO-FORGE-MERGE-PICKUP-001,0,Mapped to one or more operational knowledge records with exact source evidence.,
SRC-GDRIVE-FILE-0008,FORGE P&D Application Guide 3.00 / FORGE 2.8.0,165,246,"Combine, split, revisit, and merge stop workflows",KNOWLEDGE_MAPPED,KNO-FORGE-MERGE-PICKUP-001,0,Mapped to one or more operational knowledge records with exact source evidence.,
SRC-GDRIVE-FILE-0008,FORGE P&D Application Guide 3.00 / FORGE 2.8.0,166,246,"Combine, split, revisit, and merge stop workflows",KNOWLEDGE_MAPPED,KNO-FORGE-MERGE-PICKUP-001,0,Mapped to one or more operational knowledge records with exact source evidence.,
SRC-GDRIVE-FILE-0008,FORGE P&D Application Guide 3.00 / FORGE 2.8.0,167,246,"Combine, split, revisit, and merge stop workflows",KNOWLEDGE_MAPPED,KNO-FORGE-MERGE-PICKUP-001,0,Mapped to one or more operational knowledge records with exact source evidence.,
SRC-GDRIVE-FILE-0008,FORGE P&D Application Guide 3.00 / FORGE 2.8.0,168,246,"Combine, split, revisit, and merge stop workflows",KNOWLEDGE_MAPPED,KNO-FORGE-MERGE-PICKUP-001,0,Mapped to one or more operational knowledge records with exact source evidence.,
SRC-GDRIVE-FILE-0008,FORGE P&D Application Guide 3.00 / FORGE 2.8.0,169,246,"Combine, split, revisit, and merge stop workflows",KNOWLEDGE_MAPPED,KNO-FORGE-MERGE-PICKUP-001,0,Mapped to one or more operational knowledge records with exact source evidence.,
SRC-GDRIVE-FILE-0008,FORGE P&D Application Guide 3.00 / FORGE 2.8.0,170,246,Package and stop comments,KNOWLEDGE_MAPPED,KNO-FORGE-COMMENT-SCOPE-001,0,Mapped to one or more operational knowledge records with exact source evidence.,
SRC-GDRIVE-FILE-0008,FORGE P&D Application Guide 3.00 / FORGE 2.8.0,171,246,Package and stop comments,KNOWLEDGE_MAPPED,KNO-FORGE-COMMENT-SCOPE-001,0,Mapped to one or more operational knowledge records with exact source evidence.,
SRC-GDRIVE-FILE-0008,FORGE P&D Application Guide 3.00 / FORGE 2.8.0,172,246,Package and stop comments,KNOWLEDGE_MAPPED,KNO-FORGE-COMMENT-SCOPE-001,0,Mapped to one or more operational knowledge records with exact source evidence.,
SRC-GDRIVE-FILE-0008,FORGE P&D Application Guide 3.00 / FORGE 2.8.0,173,246,Package and stop comments,KNOWLEDGE_MAPPED,KNO-FORGE-COMMENT-SCOPE-001,0,Mapped to one or more operational knowledge records with exact source evidence.,
SRC-GDRIVE-FILE-0008,FORGE P&D Application Guide 3.00 / FORGE 2.8.0,174,246,Package and stop comments,KNOWLEDGE_MAPPED,KNO-FORGE-COMMENT-SCOPE-001,0,Mapped to one or more operational knowledge records with exact source evidence.,
SRC-GDRIVE-FILE-0008,FORGE P&D Application Guide 3.00 / FORGE 2.8.0,175,246,Package and stop comments,KNOWLEDGE_MAPPED,KNO-FORGE-COMMENT-SCOPE-001,0,Mapped to one or more operational knowledge records with exact source evidence.,
SRC-GDRIVE-FILE-0008,FORGE P&D Application Guide 3.00 / FORGE 2.8.0,176,246,Package and stop comments,KNOWLEDGE_MAPPED,KNO-FORGE-COMMENT-SCOPE-001,0,Mapped to one or more operational knowledge records with exact source evidence.,
SRC-GDRIVE-FILE-0008,FORGE P&D Application Guide 3.00 / FORGE 2.8.0,177,246,Package and stop comments,KNOWLEDGE_MAPPED,KNO-FORGE-COMMENT-SCOPE-001,0,Mapped to one or more operational knowledge records with exact source evidence.,
SRC-GDRIVE-FILE-0008,FORGE P&D Application Guide 3.00 / FORGE 2.8.0,178,246,"Manual barcode, address, scan deletion, and alternate signature",KNOWLEDGE_MAPPED,KNO-FORGE-MANUAL-BARCODE-001,0,Mapped to one or more operational knowledge records with exact source evidence.,
SRC-GDRIVE-FILE-0008,FORGE P&D Application Guide 3.00 / FORGE 2.8.0,179,246,"Manual barcode, address, scan deletion, and alternate signature",KNOWLEDGE_MAPPED,KNO-FORGE-MANUAL-BARCODE-001,0,Mapped to one or more operational knowledge records with exact source evidence.,
SRC-GDRIVE-FILE-0008,FORGE P&D Application Guide 3.00 / FORGE 2.8.0,180,246,"Manual barcode, address, scan deletion, and alternate signature",KNOWLEDGE_MAPPED,KNO-FORGE-MANUAL-BARCODE-001,0,Mapped to one or more operational knowledge records with exact source evidence.,
SRC-GDRIVE-FILE-0008,FORGE P&D Application Guide 3.00 / FORGE 2.8.0,181,246,"Manual barcode, address, scan deletion, and alternate signature",KNOWLEDGE_MAPPED,KNO-FORGE-MANUAL-BARCODE-001,0,Mapped to one or more operational knowledge records with exact source evidence.,
SRC-GDRIVE-FILE-0008,FORGE P&D Application Guide 3.00 / FORGE 2.8.0,182,246,"Manual barcode, address, scan deletion, and alternate signature",KNOWLEDGE_MAPPED,KNO-FORGE-EDIT-ADDRESS-001,0,Mapped to one or more operational knowledge records with exact source evidence.,
SRC-GDRIVE-FILE-0008,FORGE P&D Application Guide 3.00 / FORGE 2.8.0,183,246,"Manual barcode, address, scan deletion, and alternate signature",KNOWLEDGE_MAPPED,KNO-FORGE-EDIT-ADDRESS-001,0,Mapped to one or more operational knowledge records with exact source evidence.,
SRC-GDRIVE-FILE-0008,FORGE P&D Application Guide 3.00 / FORGE 2.8.0,184,246,"Manual barcode, address, scan deletion, and alternate signature",KNOWLEDGE_MAPPED,KNO-FORGE-EDIT-ADDRESS-001,0,Mapped to one or more operational knowledge records with exact source evidence.,
SRC-GDRIVE-FILE-0008,FORGE P&D Application Guide 3.00 / FORGE 2.8.0,185,246,"Manual barcode, address, scan deletion, and alternate signature",KNOWLEDGE_MAPPED,KNO-FORGE-DELETE-SCAN-001,0,Mapped to one or more operational knowledge records with exact source evidence.,
SRC-GDRIVE-FILE-0008,FORGE P&D Application Guide 3.00 / FORGE 2.8.0,186,246,"Manual barcode, address, scan deletion, and alternate signature",KNOWLEDGE_MAPPED,KNO-DEL-ALT-SIGNATURE-001,0,Mapped to one or more operational knowledge records with exact source evidence.,
SRC-GDRIVE-FILE-0008,FORGE P&D Application Guide 3.00 / FORGE 2.8.0,187,246,"Manual barcode, address, scan deletion, and alternate signature",KNOWLEDGE_MAPPED,KNO-DEL-ALT-SIGNATURE-001,0,Mapped to one or more operational knowledge records with exact source evidence.,
SRC-GDRIVE-FILE-0008,FORGE P&D Application Guide 3.00 / FORGE 2.8.0,188,246,"Manual barcode, address, scan deletion, and alternate signature",KNOWLEDGE_MAPPED,KNO-DEL-ALT-SIGNATURE-001,0,Mapped to one or more operational knowledge records with exact source evidence.,
SRC-GDRIVE-FILE-0008,FORGE P&D Application Guide 3.00 / FORGE 2.8.0,189,246,"End of day, listing/manifest download, and refresh",KNOWLEDGE_MAPPED,KNO-FORGE-EOD-001,0,Mapped to one or more operational knowledge records with exact source evidence.,
SRC-GDRIVE-FILE-0008,FORGE P&D Application Guide 3.00 / FORGE 2.8.0,190,246,"End of day, listing/manifest download, and refresh",KNOWLEDGE_MAPPED,KNO-FORGE-EOD-001,0,Mapped to one or more operational knowledge records with exact source evidence.,
SRC-GDRIVE-FILE-0008,FORGE P&D Application Guide 3.00 / FORGE 2.8.0,191,246,"End of day, listing/manifest download, and refresh",KNOWLEDGE_MAPPED,KNO-FORGE-EOD-001,0,Mapped to one or more operational knowledge records with exact source evidence.,
SRC-GDRIVE-FILE-0008,FORGE P&D Application Guide 3.00 / FORGE 2.8.0,192,246,"End of day, listing/manifest download, and refresh",KNOWLEDGE_MAPPED,KNO-FORGE-EOD-001,0,Mapped to one or more operational knowledge records with exact source evidence.,
SRC-GDRIVE-FILE-0008,FORGE P&D Application Guide 3.00 / FORGE 2.8.0,193,246,"End of day, listing/manifest download, and refresh",KNOWLEDGE_MAPPED,KNO-FORGE-EOD-001,0,Mapped to one or more operational knowledge records with exact source evidence.,
SRC-GDRIVE-FILE-0008,FORGE P&D Application Guide 3.00 / FORGE 2.8.0,194,246,"End of day, listing/manifest download, and refresh",KNOWLEDGE_MAPPED,KNO-FORGE-EOD-001,0,Mapped to one or more operational knowledge records with exact source evidence.,
SRC-GDRIVE-FILE-0008,FORGE P&D Application Guide 3.00 / FORGE 2.8.0,195,246,"End of day, listing/manifest download, and refresh",KNOWLEDGE_MAPPED,KNO-FORGE-EOD-001,0,Mapped to one or more operational knowledge records with exact source evidence.,
SRC-GDRIVE-FILE-0008,FORGE P&D Application Guide 3.00 / FORGE 2.8.0,196,246,"End of day, listing/manifest download, and refresh",KNOWLEDGE_MAPPED,KNO-FORGE-EOD-001,0,Mapped to one or more operational knowledge records with exact source evidence.,
SRC-GDRIVE-FILE-0008,FORGE P&D Application Guide 3.00 / FORGE 2.8.0,197,246,"End of day, listing/manifest download, and refresh",KNOWLEDGE_MAPPED,KNO-FORGE-DOWNLOAD-SYNC-001,0,Mapped to one or more operational knowledge records with exact source evidence.,
SRC-GDRIVE-FILE-0008,FORGE P&D Application Guide 3.00 / FORGE 2.8.0,198,246,"End of day, listing/manifest download, and refresh",KNOWLEDGE_MAPPED,KNO-FORGE-DOWNLOAD-SYNC-001,0,Mapped to one or more operational knowledge records with exact source evidence.,
SRC-GDRIVE-FILE-0008,FORGE P&D Application Guide 3.00 / FORGE 2.8.0,199,246,"End of day, listing/manifest download, and refresh",KNOWLEDGE_MAPPED,KNO-FORGE-DOWNLOAD-SYNC-001,0,Mapped to one or more operational knowledge records with exact source evidence.,
SRC-GDRIVE-FILE-0008,FORGE P&D Application Guide 3.00 / FORGE 2.8.0,200,246,"End of day, listing/manifest download, and refresh",KNOWLEDGE_MAPPED,KNO-FORGE-DOWNLOAD-SYNC-001,0,Mapped to one or more operational knowledge records with exact source evidence.,
SRC-GDRIVE-FILE-0008,FORGE P&D Application Guide 3.00 / FORGE 2.8.0,201,246,"End of day, listing/manifest download, and refresh",KNOWLEDGE_MAPPED,KNO-DEL-BUS-OP201-001;KNO-FORGE-DOWNLOAD-SYNC-001,0,Mapped to one or more operational knowledge records with exact source evidence.,
SRC-GDRIVE-FILE-0008,FORGE P&D Application Guide 3.00 / FORGE 2.8.0,202,246,Drop-box connection and configuration,KNOWLEDGE_MAPPED,KNO-PUP-DROPBOX-CONNECTION-001,0,Mapped to one or more operational knowledge records with exact source evidence.,
SRC-GDRIVE-FILE-0008,FORGE P&D Application Guide 3.00 / FORGE 2.8.0,203,246,Drop-box connection and configuration,KNOWLEDGE_MAPPED,KNO-PUP-DROPBOX-CONNECTION-001,0,Mapped to one or more operational knowledge records with exact source evidence.,
SRC-GDRIVE-FILE-0008,FORGE P&D Application Guide 3.00 / FORGE 2.8.0,204,246,Drop-box connection and configuration,KNOWLEDGE_MAPPED,KNO-PUP-DROPBOX-CONNECTION-001,0,Mapped to one or more operational knowledge records with exact source evidence.,
SRC-GDRIVE-FILE-0008,FORGE P&D Application Guide 3.00 / FORGE 2.8.0,205,246,Drop-box connection and configuration,KNOWLEDGE_MAPPED,KNO-PUP-DROPBOX-CONNECTION-001,0,Mapped to one or more operational knowledge records with exact source evidence.,
SRC-GDRIVE-FILE-0008,FORGE P&D Application Guide 3.00 / FORGE 2.8.0,206,246,Drop-box connection and configuration,KNOWLEDGE_MAPPED,KNO-PUP-DROPBOX-CONNECTION-001,0,Mapped to one or more operational knowledge records with exact source evidence.,
SRC-GDRIVE-FILE-0008,FORGE P&D Application Guide 3.00 / FORGE 2.8.0,207,246,Drop-box connection and configuration,KNOWLEDGE_MAPPED,KNO-PUP-DROPBOX-CONNECTION-001,0,Mapped to one or more operational knowledge records with exact source evidence.,
SRC-GDRIVE-FILE-0008,FORGE P&D Application Guide 3.00 / FORGE 2.8.0,208,246,Drop-box connection and configuration,KNOWLEDGE_MAPPED,KNO-PUP-DROPBOX-CONNECTION-001,0,Mapped to one or more operational knowledge records with exact source evidence.,
SRC-GDRIVE-FILE-0008,FORGE P&D Application Guide 3.00 / FORGE 2.8.0,209,246,Drop-box connection and configuration,KNOWLEDGE_MAPPED,KNO-PUP-DROPBOX-CONNECTION-001,0,Mapped to one or more operational knowledge records with exact source evidence.,
SRC-GDRIVE-FILE-0008,FORGE P&D Application Guide 3.00 / FORGE 2.8.0,210,246,Drop-box connection and configuration,KNOWLEDGE_MAPPED,KNO-PUP-DROPBOX-CONNECTION-001,0,Mapped to one or more operational knowledge records with exact source evidence.,
SRC-GDRIVE-FILE-0008,FORGE P&D Application Guide 3.00 / FORGE 2.8.0,211,246,Drop-box connection and configuration,KNOWLEDGE_MAPPED,KNO-PUP-DROPBOX-CONNECTION-001,0,Mapped to one or more operational knowledge records with exact source evidence.,
SRC-GDRIVE-FILE-0008,FORGE P&D Application Guide 3.00 / FORGE 2.8.0,212,246,Drop-box connection and configuration,KNOWLEDGE_MAPPED,KNO-PUP-DROPBOX-CONNECTION-001,0,Mapped to one or more operational knowledge records with exact source evidence.,
SRC-GDRIVE-FILE-0008,FORGE P&D Application Guide 3.00 / FORGE 2.8.0,213,246,Drop-box connection and configuration,KNOWLEDGE_MAPPED,KNO-PUP-DROPBOX-EARLY-LAST-001,0,Mapped to one or more operational knowledge records with exact source evidence.,
SRC-GDRIVE-FILE-0008,FORGE P&D Application Guide 3.00 / FORGE 2.8.0,214,246,Drop-box connection and configuration,KNOWLEDGE_MAPPED,KNO-PUP-DROPBOX-HOLIDAY-001,0,Mapped to one or more operational knowledge records with exact source evidence.,
SRC-GDRIVE-FILE-0008,FORGE P&D Application Guide 3.00 / FORGE 2.8.0,215,246,Drop-box connection and configuration,KNOWLEDGE_MAPPED,KNO-PUP-DROPBOX-HOLIDAY-001,0,Mapped to one or more operational knowledge records with exact source evidence.,
SRC-GDRIVE-FILE-0008,FORGE P&D Application Guide 3.00 / FORGE 2.8.0,216,246,Drop-box connection and configuration,KNOWLEDGE_MAPPED,KNO-PUP-DROPBOX-SETTINGS-001,0,Mapped to one or more operational knowledge records with exact source evidence.,
SRC-GDRIVE-FILE-0008,FORGE P&D Application Guide 3.00 / FORGE 2.8.0,217,246,Drop-box connection and configuration,KNOWLEDGE_MAPPED,KNO-PUP-DROPBOX-SETTINGS-001,0,Mapped to one or more operational knowledge records with exact source evidence.,
SRC-GDRIVE-FILE-0008,FORGE P&D Application Guide 3.00 / FORGE 2.8.0,218,246,Drop-box connection and configuration,KNOWLEDGE_MAPPED,KNO-PUP-DROPBOX-SETTINGS-001,0,Mapped to one or more operational knowledge records with exact source evidence.,
SRC-GDRIVE-FILE-0008,FORGE P&D Application Guide 3.00 / FORGE 2.8.0,219,246,Drop-box connection and configuration,KNOWLEDGE_MAPPED,KNO-PUP-DROPBOX-SETTINGS-001,0,Mapped to one or more operational knowledge records with exact source evidence.,
SRC-GDRIVE-FILE-0008,FORGE P&D Application Guide 3.00 / FORGE 2.8.0,220,246,Drop-box connection and configuration,KNOWLEDGE_MAPPED,KNO-PUP-DROPBOX-SETTINGS-001,0,Mapped to one or more operational knowledge records with exact source evidence.,
SRC-GDRIVE-FILE-0008,FORGE P&D Application Guide 3.00 / FORGE 2.8.0,221,246,Drop-box connection and configuration,KNOWLEDGE_MAPPED,KNO-PUP-DROPBOX-SETTINGS-001,0,Mapped to one or more operational knowledge records with exact source evidence.,
SRC-GDRIVE-FILE-0008,FORGE P&D Application Guide 3.00 / FORGE 2.8.0,222,246,Drop-box connection and configuration,KNOWLEDGE_MAPPED,KNO-PUP-DROPBOX-SETTINGS-001,0,Mapped to one or more operational knowledge records with exact source evidence.,
SRC-GDRIVE-FILE-0008,FORGE P&D Application Guide 3.00 / FORGE 2.8.0,223,246,Drop-box connection and configuration,KNOWLEDGE_MAPPED,KNO-PUP-DROPBOX-SERIAL-001,0,Mapped to one or more operational knowledge records with exact source evidence.,
SRC-GDRIVE-FILE-0008,FORGE P&D Application Guide 3.00 / FORGE 2.8.0,224,246,"Bulk transfer, vehicle change, DVIR, and synchronization",KNOWLEDGE_MAPPED,KNO-FORGE-BULK-TRANSFER-001,0,Mapped to one or more operational knowledge records with exact source evidence.,
SRC-GDRIVE-FILE-0008,FORGE P&D Application Guide 3.00 / FORGE 2.8.0,225,246,"Bulk transfer, vehicle change, DVIR, and synchronization",KNOWLEDGE_MAPPED,KNO-FORGE-BULK-TRANSFER-001,0,Mapped to one or more operational knowledge records with exact source evidence.,
SRC-GDRIVE-FILE-0008,FORGE P&D Application Guide 3.00 / FORGE 2.8.0,226,246,"Bulk transfer, vehicle change, DVIR, and synchronization",KNOWLEDGE_MAPPED,KNO-FORGE-BULK-TRANSFER-001,0,Mapped to one or more operational knowledge records with exact source evidence.,
SRC-GDRIVE-FILE-0008,FORGE P&D Application Guide 3.00 / FORGE 2.8.0,227,246,"Bulk transfer, vehicle change, DVIR, and synchronization",KNOWLEDGE_MAPPED,KNO-FORGE-BULK-TRANSFER-001,0,Mapped to one or more operational knowledge records with exact source evidence.,
SRC-GDRIVE-FILE-0008,FORGE P&D Application Guide 3.00 / FORGE 2.8.0,228,246,"Bulk transfer, vehicle change, DVIR, and synchronization",KNOWLEDGE_MAPPED,KNO-FORGE-BULK-TRANSFER-001,0,Mapped to one or more operational knowledge records with exact source evidence.,
SRC-GDRIVE-FILE-0008,FORGE P&D Application Guide 3.00 / FORGE 2.8.0,229,246,"Bulk transfer, vehicle change, DVIR, and synchronization",KNOWLEDGE_MAPPED,KNO-FORGE-VEHICLE-CHANGE-001,0,Mapped to one or more operational knowledge records with exact source evidence.,
SRC-GDRIVE-FILE-0008,FORGE P&D Application Guide 3.00 / FORGE 2.8.0,230,246,"Bulk transfer, vehicle change, DVIR, and synchronization",KNOWLEDGE_MAPPED,KNO-FORGE-VEHICLE-CHANGE-001,0,Mapped to one or more operational knowledge records with exact source evidence.,
SRC-GDRIVE-FILE-0008,FORGE P&D Application Guide 3.00 / FORGE 2.8.0,231,246,"Bulk transfer, vehicle change, DVIR, and synchronization",KNOWLEDGE_MAPPED,KNO-FORGE-VEHICLE-CHANGE-001,0,Mapped to one or more operational knowledge records with exact source evidence.,
SRC-GDRIVE-FILE-0008,FORGE P&D Application Guide 3.00 / FORGE 2.8.0,232,246,"Bulk transfer, vehicle change, DVIR, and synchronization",KNOWLEDGE_MAPPED,KNO-FORGE-SYNC-QUEUE-001,0,Mapped to one or more operational knowledge records with exact source evidence.,
SRC-GDRIVE-FILE-0008,FORGE P&D Application Guide 3.00 / FORGE 2.8.0,233,246,"Camera scan, navigation, reminders, and messages",KNOWLEDGE_MAPPED,KNO-FORGE-CAMERA-SCAN-001,0,Mapped to one or more operational knowledge records with exact source evidence.,
SRC-GDRIVE-FILE-0008,FORGE P&D Application Guide 3.00 / FORGE 2.8.0,234,246,"Camera scan, navigation, reminders, and messages",KNOWLEDGE_MAPPED,KNO-FORGE-CAMERA-SCAN-001,0,Mapped to one or more operational knowledge records with exact source evidence.,
SRC-GDRIVE-FILE-0008,FORGE P&D Application Guide 3.00 / FORGE 2.8.0,235,246,"Camera scan, navigation, reminders, and messages",NAVIGATION_REFERENCE,,0,Shows map-entry buttons and icon meanings; does not establish routing or safe-driving policy.,
SRC-GDRIVE-FILE-0008,FORGE P&D Application Guide 3.00 / FORGE 2.8.0,236,246,"Camera scan, navigation, reminders, and messages",KNOWLEDGE_MAPPED,KNO-FORGE-TIME-REMINDER-001,0,Mapped to one or more operational knowledge records with exact source evidence.,
SRC-GDRIVE-FILE-0008,FORGE P&D Application Guide 3.00 / FORGE 2.8.0,237,246,"Camera scan, navigation, reminders, and messages",KNOWLEDGE_MAPPED,KNO-FORGE-MESSAGING-001,0,Mapped to one or more operational knowledge records with exact source evidence.,
SRC-GDRIVE-FILE-0008,FORGE P&D Application Guide 3.00 / FORGE 2.8.0,238,246,"Camera scan, navigation, reminders, and messages",KNOWLEDGE_MAPPED,KNO-FORGE-MESSAGING-001,0,Mapped to one or more operational knowledge records with exact source evidence.,
SRC-GDRIVE-FILE-0008,FORGE P&D Application Guide 3.00 / FORGE 2.8.0,239,246,"Camera scan, navigation, reminders, and messages",KNOWLEDGE_MAPPED,KNO-FORGE-BUSINESS-CLOSURE-MSG-001,0,Mapped to one or more operational knowledge records with exact source evidence.,
SRC-GDRIVE-FILE-0008,FORGE P&D Application Guide 3.00 / FORGE 2.8.0,240,246,"Demo fixtures, validation warnings, and device information",DEMO_FIXTURE_REFERENCE,,0,Demonstration-login barcode fixtures only; not production package data or a procedure.,
SRC-GDRIVE-FILE-0008,FORGE P&D Application Guide 3.00 / FORGE 2.8.0,241,246,"Demo fixtures, validation warnings, and device information",DEMO_FIXTURE_REFERENCE,,0,Demonstration pickup barcode fixtures only; not production package data or a procedure.,
SRC-GDRIVE-FILE-0008,FORGE P&D Application Guide 3.00 / FORGE 2.8.0,242,246,"Demo fixtures, validation warnings, and device information",KNOWLEDGE_MAPPED,KNO-FORGE-MANUAL-BARCODE-001,0,Mapped to one or more operational knowledge records with exact source evidence.,
SRC-GDRIVE-FILE-0008,FORGE P&D Application Guide 3.00 / FORGE 2.8.0,243,246,"Demo fixtures, validation warnings, and device information",KNOWLEDGE_MAPPED,KNO-FORGE-LOGIN-WARNING-001,0,Mapped to one or more operational knowledge records with exact source evidence.,
SRC-GDRIVE-FILE-0008,FORGE P&D Application Guide 3.00 / FORGE 2.8.0,244,246,"Demo fixtures, validation warnings, and device information",KNOWLEDGE_MAPPED,KNO-FORGE-LOGIN-WARNING-001,0,Mapped to one or more operational knowledge records with exact source evidence.,
SRC-GDRIVE-FILE-0008,FORGE P&D Application Guide 3.00 / FORGE 2.8.0,245,246,"Demo fixtures, validation warnings, and device information",KNOWLEDGE_MAPPED,KNO-FORGE-LOGIN-WARNING-001,0,Mapped to one or more operational knowledge records with exact source evidence.,
SRC-GDRIVE-FILE-0008,FORGE P&D Application Guide 3.00 / FORGE 2.8.0,246,246,"Demo fixtures, validation warnings, and device information",KNOWLEDGE_MAPPED,KNO-FORGE-DEVICE-INFO-001,0,Mapped to one or more operational knowledge records with exact source evidence.,
SRC-GDRIVE-FILE-0009,FORGE Quick Start 1.0,1,8,"Older safety, launch, authentication, vehicle, and dispatch workflow",KNOWLEDGE_MAPPED,KNO-FORGE-DEVICE-ROAD-001,0,Mapped to one or more operational knowledge records with exact source evidence.,
SRC-GDRIVE-FILE-0009,FORGE Quick Start 1.0,2,8,"Older safety, launch, authentication, vehicle, and dispatch workflow",OLDER_VERSION_REFERENCE_ONLY,,0,"FORGE 1.0.0 UI superseded by later reviewed guides; unique differences remain version-risk evidence, not current procedure.",
SRC-GDRIVE-FILE-0009,FORGE Quick Start 1.0,3,8,"Older safety, launch, authentication, vehicle, and dispatch workflow",OLDER_VERSION_REFERENCE_ONLY,,0,FORGE 1.0.0 UI superseded by later reviewed guides; not current procedure.,
SRC-GDRIVE-FILE-0009,FORGE Quick Start 1.0,4,8,"Older delivery, pickup, release, indirect, and status workflow",OLDER_VERSION_REFERENCE_ONLY,,0,FORGE 1.0.0 standard stop workflow superseded by later reviewed guides.,
SRC-GDRIVE-FILE-0009,FORGE Quick Start 1.0,5,8,"Older delivery, pickup, release, indirect, and status workflow",OLDER_VERSION_REFERENCE_ONLY,,0,FORGE 1.0.0 release/indirect UI differs from later guidance and remains version-risk evidence.,
SRC-GDRIVE-FILE-0009,FORGE Quick Start 1.0,6,8,"Older delivery, pickup, release, indirect, and status workflow",OLDER_VERSION_REFERENCE_ONLY,,0,FORGE 1.0.0 status-scope UI is superseded by later mapped guidance.,
SRC-GDRIVE-FILE-0009,FORGE Quick Start 1.0,7,8,"Older scan deletion, EOD, and messaging workflow",OLDER_VERSION_REFERENCE_ONLY,,0,FORGE 1.0.0 scan-delete/EOD UI is superseded by later mapped guidance.,
SRC-GDRIVE-FILE-0009,FORGE Quick Start 1.0,8,8,"Older scan deletion, EOD, and messaging workflow",OLDER_VERSION_REFERENCE_ONLY,,0,FORGE 1.0.0 messaging UI is superseded by later mapped guidance.,
SRC-GDRIVE-FILE-0010,FORGE Settings 2.0.0,1,6,"Settings entry, display, and audio preferences",KNOWLEDGE_MAPPED,KNO-FORGE-DISPLAY-NAV-SETTINGS-001,0,Mapped to one or more operational knowledge records with exact source evidence.,
SRC-GDRIVE-FILE-0010,FORGE Settings 2.0.0,2,6,"Settings entry, display, and audio preferences",KNOWLEDGE_MAPPED,KNO-FORGE-AUDIO-ALERTS-001,0,Mapped to one or more operational knowledge records with exact source evidence.,
SRC-GDRIVE-FILE-0010,FORGE Settings 2.0.0,3,6,"Navigation, map, and stop-list preferences",KNOWLEDGE_MAPPED,KNO-FORGE-DISPLAY-NAV-SETTINGS-001,0,Mapped to one or more operational knowledge records with exact source evidence.,
SRC-GDRIVE-FILE-0010,FORGE Settings 2.0.0,4,6,"Navigation, map, and stop-list preferences",KNOWLEDGE_MAPPED,KNO-FORGE-DISPLAY-NAV-SETTINGS-001,0,Mapped to one or more operational knowledge records with exact source evidence.,
SRC-GDRIVE-FILE-0010,FORGE Settings 2.0.0,5,6,Camera scanning,KNOWLEDGE_MAPPED,KNO-FORGE-CAMERA-SCAN-001,0,Mapped to one or more operational knowledge records with exact source evidence.,
SRC-GDRIVE-FILE-0010,FORGE Settings 2.0.0,6,6,About and version information,KNOWLEDGE_MAPPED,KNO-FORGE-DEVICE-INFO-001,0,Mapped to one or more operational knowledge records with exact source evidence.,
SRC-GDRIVE-FILE-0011,Hand sheet 2 image-only PDF,1,1,Unidentified Delivery Record examples and code tables,KNOWLEDGE_MAPPED,KNO-DOC-HANDSHEET-001,0,Mapped to one or more operational knowledge records with exact source evidence.,
SRC-GDRIVE-FILE-0012,Hand sheet image-only PDF,1,1,Unidentified manual sheeting barcode and notation guide,KNOWLEDGE_MAPPED,KNO-DOC-HANDSHEET-001,0,Mapped to one or more operational knowledge records with exact source evidence.,
SRC-GDRIVE-FILE-0013,Manifest Preview 4.5.0 Application Guide,1,14,"Identity, contents, and version",GOVERNING_FRONT_MATTER,,0,"Document identity, contents, and version; not a standalone procedure.",
SRC-GDRIVE-FILE-0013,Manifest Preview 4.5.0 Application Guide,2,14,"Purpose, launch, and permissions",KNOWLEDGE_MAPPED,KNO-FORGE-MANIFEST-PERMISSIONS-001,0,Mapped to one or more operational knowledge records with exact source evidence.,
SRC-GDRIVE-FILE-0013,Manifest Preview 4.5.0 Application Guide,3,14,"Purpose, launch, and permissions",KNOWLEDGE_MAPPED,KNO-FORGE-MANIFEST-PERMISSIONS-001,0,Mapped to one or more operational knowledge records with exact source evidence.,
SRC-GDRIVE-FILE-0013,Manifest Preview 4.5.0 Application Guide,4,14,"Preview, summary, and map",KNOWLEDGE_MAPPED,KNO-FORGE-MANIFEST-SEARCH-001,0,Mapped to one or more operational knowledge records with exact source evidence.,
SRC-GDRIVE-FILE-0013,Manifest Preview 4.5.0 Application Guide,5,14,"Preview, summary, and map",KNOWLEDGE_MAPPED,KNO-FORGE-MANIFEST-SEARCH-001,0,Mapped to one or more operational knowledge records with exact source evidence.,
SRC-GDRIVE-FILE-0013,Manifest Preview 4.5.0 Application Guide,6,14,"Preview, summary, and map",KNOWLEDGE_MAPPED,KNO-FORGE-MANIFEST-SEARCH-001,0,Mapped to one or more operational knowledge records with exact source evidence.,
SRC-GDRIVE-FILE-0013,Manifest Preview 4.5.0 Application Guide,7,14,"Modify, discrepancy, refresh, and dispatch",KNOWLEDGE_MAPPED,KNO-FORGE-MANIFEST-PREVIEW-001,0,Mapped to one or more operational knowledge records with exact source evidence.,
SRC-GDRIVE-FILE-0013,Manifest Preview 4.5.0 Application Guide,8,14,"Modify, discrepancy, refresh, and dispatch",KNOWLEDGE_MAPPED,KNO-FORGE-MANIFEST-PREVIEW-001,0,Mapped to one or more operational knowledge records with exact source evidence.,
SRC-GDRIVE-FILE-0013,Manifest Preview 4.5.0 Application Guide,9,14,"Modify, discrepancy, refresh, and dispatch",KNOWLEDGE_MAPPED,KNO-FORGE-MANIFEST-PREVIEW-001,0,Mapped to one or more operational knowledge records with exact source evidence.,
SRC-GDRIVE-FILE-0013,Manifest Preview 4.5.0 Application Guide,10,14,"Modify, discrepancy, refresh, and dispatch",KNOWLEDGE_MAPPED,KNO-FORGE-MANIFEST-PREVIEW-001,0,Mapped to one or more operational knowledge records with exact source evidence.,
SRC-GDRIVE-FILE-0013,Manifest Preview 4.5.0 Application Guide,11,14,"Modify, discrepancy, refresh, and dispatch",KNOWLEDGE_MAPPED,KNO-FORGE-MANIFEST-PREVIEW-001,0,Mapped to one or more operational knowledge records with exact source evidence.,
SRC-GDRIVE-FILE-0013,Manifest Preview 4.5.0 Application Guide,12,14,"Modify, discrepancy, refresh, and dispatch",KNOWLEDGE_MAPPED,KNO-FORGE-MANIFEST-PREVIEW-001,0,Mapped to one or more operational knowledge records with exact source evidence.,
SRC-GDRIVE-FILE-0013,Manifest Preview 4.5.0 Application Guide,13,14,Premium filters and manifest search,KNOWLEDGE_MAPPED,KNO-FORGE-MANIFEST-SEARCH-001,0,Mapped to one or more operational knowledge records with exact source evidence.,
SRC-GDRIVE-FILE-0013,Manifest Preview 4.5.0 Application Guide,14,14,Premium filters and manifest search,KNOWLEDGE_MAPPED,KNO-FORGE-MANIFEST-SEARCH-001,0,Mapped to one or more operational knowledge records with exact source evidence.,
SRC-GDRIVE-FILE-0014,On the Road Reference Guide OP-117 v2,1,89,"Authority, confidentiality, and controlling-agreement notice",GOVERNING_FRONT_MATTER,,0,"Source authority, confidentiality, and controlling-agreement context; not a standalone driver procedure.",
SRC-GDRIVE-FILE-0014,On the Road Reference Guide OP-117 v2,2,89,Table of contents,TABLE_OF_CONTENTS,,0,Navigation/front matter only; substantive sections are audited on their content pages.,
SRC-GDRIVE-FILE-0014,On the Road Reference Guide OP-117 v2,3,89,Table of contents,TABLE_OF_CONTENTS,,0,Navigation/front matter only; substantive sections are audited on their content pages.,
SRC-GDRIVE-FILE-0014,On the Road Reference Guide OP-117 v2,4,89,Table of contents,TABLE_OF_CONTENTS,,0,Navigation/front matter only; substantive sections are audited on their content pages.,
SRC-GDRIVE-FILE-0014,On the Road Reference Guide OP-117 v2,5,89,Table of contents,TABLE_OF_CONTENTS,,0,Navigation/front matter only; substantive sections are audited on their content pages.,
SRC-GDRIVE-FILE-0014,On the Road Reference Guide OP-117 v2,6,89,"Ethics, accidents, injuries, preservation, DOT, and vehicle safety",KNOWLEDGE_MAPPED,KNO-ETH-FALSIFICATION-001;KNO-INC-ACCIDENT-REPORT-001,0,Mapped to one or more authoritative operational knowledge records.,
SRC-GDRIVE-FILE-0014,On the Road Reference Guide OP-117 v2,7,89,"Ethics, accidents, injuries, preservation, DOT, and vehicle safety",KNOWLEDGE_MAPPED,KNO-DOT-ROADSIDE-REPORT-001,0,Mapped to one or more authoritative operational knowledge records.,
SRC-GDRIVE-FILE-0014,On the Road Reference Guide OP-117 v2,8,89,"Hours of service, short-haul, and operating exceptions",KNOWLEDGE_MAPPED,KNO-HOS-DUTY-LIMITS-001,0,Mapped to one or more authoritative operational knowledge records.,
SRC-GDRIVE-FILE-0014,On the Road Reference Guide OP-117 v2,9,89,"Hours of service, short-haul, and operating exceptions",KNOWLEDGE_MAPPED,KNO-HOS-DUTY-LIMITS-001;KNO-HOS-SHORT-ADVERSE-001,0,Mapped to one or more authoritative operational knowledge records.,
SRC-GDRIVE-FILE-0014,On the Road Reference Guide OP-117 v2,10,89,"Hours of service, short-haul, and operating exceptions",KNOWLEDGE_MAPPED,KNO-HOS-DUTY-LIMITS-001;KNO-HOS-SHORT-ADVERSE-001,0,Mapped to one or more authoritative operational knowledge records.,
SRC-GDRIVE-FILE-0014,On the Road Reference Guide OP-117 v2,11,89,"FORGE user types, support, and scan deletion",KNOWLEDGE_MAPPED,KNO-FORGE-DELETE-SCAN-001,0,Mapped to one or more authoritative operational knowledge records.,
SRC-GDRIVE-FILE-0014,On the Road Reference Guide OP-117 v2,12,89,"Signature services, restricted commodities, premium services, and tracking devices",KNOWLEDGE_MAPPED,KNO-DEL-SIG-ASR-001;KNO-DEL-SIG-DSR-001;KNO-DEL-SIG-ISR-001;KNO-FORGE-DELETE-SCAN-001,0,Mapped to one or more authoritative operational knowledge records.,
SRC-GDRIVE-FILE-0014,On the Road Reference Guide OP-117 v2,13,89,"Signature services, restricted commodities, premium services, and tracking devices",KNOWLEDGE_MAPPED,KNO-DEL-ALCOHOL-001;KNO-DEL-SIG-DSR-001,0,Mapped to one or more authoritative operational knowledge records.,
SRC-GDRIVE-FILE-0014,On the Road Reference Guide OP-117 v2,14,89,"Signature services, restricted commodities, premium services, and tracking devices",KNOWLEDGE_MAPPED,KNO-DEL-PREMIUM-WINDOW-001;KNO-DEL-SIG-ASR-001;KNO-DEL-TOBACCO-001,0,Mapped to one or more authoritative operational knowledge records.,
SRC-GDRIVE-FILE-0014,On the Road Reference Guide OP-117 v2,15,89,"Signature services, restricted commodities, premium services, and tracking devices",KNOWLEDGE_MAPPED,KNO-DEL-PREMIUM-WINDOW-001,0,Mapped to one or more authoritative operational knowledge records.,
SRC-GDRIVE-FILE-0014,On the Road Reference Guide OP-117 v2,16,89,"Signature services, restricted commodities, premium services, and tracking devices",KNOWLEDGE_MAPPED,KNO-DEL-CLASSIFICATION-001;KNO-DEL-PREMIUM-WINDOW-001,0,Mapped to one or more authoritative operational knowledge records.,
SRC-GDRIVE-FILE-0014,On the Road Reference Guide OP-117 v2,17,89,Residential and commercial classification,KNOWLEDGE_MAPPED,KNO-DEL-CLASSIFICATION-001,0,Mapped to one or more authoritative operational knowledge records.,
SRC-GDRIVE-FILE-0014,On the Road Reference Guide OP-117 v2,18,89,Residential and commercial classification,KNOWLEDGE_MAPPED,KNO-DEL-CLASSIFICATION-001,0,Mapped to one or more authoritative operational knowledge records.,
SRC-GDRIVE-FILE-0014,On the Road Reference Guide OP-117 v2,19,89,"Door tags, indirect delivery, OP-206, SRA, and electronic signatures",KNOWLEDGE_MAPPED,KNO-DEL-DOORTAG-001;KNO-DEL-SIG-DSR-001;KNO-DEL-SIG-ISR-001,0,Mapped to one or more authoritative operational knowledge records.,
SRC-GDRIVE-FILE-0014,On the Road Reference Guide OP-117 v2,20,89,"Door tags, indirect delivery, OP-206, SRA, and electronic signatures",KNOWLEDGE_MAPPED,KNO-DEL-APT-001;KNO-DEL-DOORTAG-001;KNO-DEL-SIG-ISR-001,0,Mapped to one or more authoritative operational knowledge records.,
SRC-GDRIVE-FILE-0014,On the Road Reference Guide OP-117 v2,21,89,"Door tags, indirect delivery, OP-206, SRA, and electronic signatures",KNOWLEDGE_MAPPED,KNO-DEL-APT-001,0,Mapped to one or more authoritative operational knowledge records.,
SRC-GDRIVE-FILE-0014,On the Road Reference Guide OP-117 v2,22,89,"Door tags, indirect delivery, OP-206, SRA, and electronic signatures",KNOWLEDGE_MAPPED,KNO-DEL-APT-001;KNO-DEL-SIG-ISR-001,0,Mapped to one or more authoritative operational knowledge records.,
SRC-GDRIVE-FILE-0014,On the Road Reference Guide OP-117 v2,23,89,"Door tags, indirect delivery, OP-206, SRA, and electronic signatures",KNOWLEDGE_MAPPED,KNO-DEL-DOORTAG-001;KNO-DEL-OP206-001;KNO-DEL-SIG-ISR-001;KNO-DEL-SRA-001,0,Mapped to one or more authoritative operational knowledge records.,
SRC-GDRIVE-FILE-0014,On the Road Reference Guide OP-117 v2,24,89,"Door tags, indirect delivery, OP-206, SRA, and electronic signatures",KNOWLEDGE_MAPPED,KNO-DEL-SIG-ISR-001;KNO-DEL-SRA-001,0,Mapped to one or more authoritative operational knowledge records.,
SRC-GDRIVE-FILE-0014,On the Road Reference Guide OP-117 v2,25,89,"Door tags, indirect delivery, OP-206, SRA, and electronic signatures",KNOWLEDGE_MAPPED,KNO-DEL-SIG-ISR-001;KNO-DEL-SRA-001,0,Mapped to one or more authoritative operational knowledge records.,
SRC-GDRIVE-FILE-0014,On the Road Reference Guide OP-117 v2,26,89,"Business, residential, and shipper-authorized release",KNOWLEDGE_MAPPED,KNO-DEL-BUS-OP201-001,0,Mapped to one or more authoritative operational knowledge records.,
SRC-GDRIVE-FILE-0014,On the Road Reference Guide OP-117 v2,27,89,"Business, residential, and shipper-authorized release",KNOWLEDGE_MAPPED,KNO-DEL-BUS-OP201-001;KNO-DEL-SHIPPER-RELEASE-001,0,Mapped to one or more authoritative operational knowledge records.,
SRC-GDRIVE-FILE-0014,On the Road Reference Guide OP-117 v2,28,89,"Business, residential, and shipper-authorized release",KNOWLEDGE_MAPPED,KNO-DEL-SAFEPLACE-001,0,Mapped to one or more authoritative operational knowledge records.,
SRC-GDRIVE-FILE-0014,On the Road Reference Guide OP-117 v2,29,89,"Lockers, secure placement, PPOD, ASR contingency, and no-safe-place handling",KNOWLEDGE_MAPPED,KNO-DEL-LOCKER-FAIL-001;KNO-DEL-SHIPPER-RELEASE-001,0,Mapped to one or more authoritative operational knowledge records.,
SRC-GDRIVE-FILE-0014,On the Road Reference Guide OP-117 v2,30,89,"Lockers, secure placement, PPOD, ASR contingency, and no-safe-place handling",KNOWLEDGE_MAPPED,KNO-DEL-PLACEMENT-HAZARD-001;KNO-DEL-PPOD-001;KNO-DEL-SAFEPLACE-001;KNO-DEL-SHIPPER-RELEASE-001,0,Mapped to one or more authoritative operational knowledge records.,
SRC-GDRIVE-FILE-0014,On the Road Reference Guide OP-117 v2,31,89,"Lockers, secure placement, PPOD, ASR contingency, and no-safe-place handling",KNOWLEDGE_MAPPED,KNO-DEL-DOORTAG-001;KNO-DEL-PLACEMENT-HAZARD-001;KNO-DEL-PPOD-001;KNO-DEL-SAFEPLACE-001,0,Mapped to one or more authoritative operational knowledge records.,
SRC-GDRIVE-FILE-0014,On the Road Reference Guide OP-117 v2,32,89,"Lockers, secure placement, PPOD, ASR contingency, and no-safe-place handling",KNOWLEDGE_MAPPED,KNO-DEL-ALCOHOL-001;KNO-DEL-SIG-ASR-001,0,Mapped to one or more authoritative operational knowledge records.,
SRC-GDRIVE-FILE-0014,On the Road Reference Guide OP-117 v2,33,89,"Lockers, secure placement, PPOD, ASR contingency, and no-safe-place handling",KNOWLEDGE_MAPPED,KNO-DEL-ALCOHOL-001;KNO-DEL-SIG-ASR-001,0,Mapped to one or more authoritative operational knowledge records.,
SRC-GDRIVE-FILE-0014,On the Road Reference Guide OP-117 v2,34,89,"Lockers, secure placement, PPOD, ASR contingency, and no-safe-place handling",KNOWLEDGE_MAPPED,KNO-DEL-ALCOHOL-001;KNO-DEL-DOORTAG-001;KNO-DEL-HAZMAT-SIGNATURE-001;KNO-DEL-PLACEMENT-HAZARD-001;KNO-DEL-PPOD-001;KNO-DEL-SAFEPLACE-001;KNO-DEL-SIG-ASR-001;KNO-DEL-SIG-DSR-001,0,Mapped to one or more authoritative operational knowledge records.,
SRC-GDRIVE-FILE-0014,On the Road Reference Guide OP-117 v2,35,89,"Lockers, secure placement, PPOD, ASR contingency, and no-safe-place handling",KNOWLEDGE_MAPPED,KNO-DEL-DOORTAG-001;KNO-DEL-HAZMAT-SIGNATURE-001;KNO-DEL-PLACEMENT-HAZARD-001;KNO-DEL-PPOD-001;KNO-DEL-SAFEPLACE-001;KNO-DEL-SIG-DSR-001,0,Mapped to one or more authoritative operational knowledge records.,
SRC-GDRIVE-FILE-0014,On the Road Reference Guide OP-117 v2,36,89,Delivery status-code reference,KNOWLEDGE_AND_REFERENCE_MAPPED,KNO-DEL-DAMAGE-INSPECTION-001;KNO-DEL-REFUSED-001;KNO-DEL-SECURITY-NODELIVERY-001;KNO-FORGE-EDIT-ADDRESS-001,8,Mapped to operational knowledge and normalized status-code reference rows.,
SRC-GDRIVE-FILE-0014,On the Road Reference Guide OP-117 v2,37,89,Delivery status-code reference,REFERENCE_DATA_MODELED,,18,Normalized in the status-code reference dataset; not every code independently establishes a complete procedure.,
SRC-GDRIVE-FILE-0014,On the Road Reference Guide OP-117 v2,38,89,Delivery status-code reference,KNOWLEDGE_AND_REFERENCE_MAPPED,KNO-DEL-DAMAGE-INSPECTION-001,15,Mapped to operational knowledge and normalized status-code reference rows.,
SRC-GDRIVE-FILE-0014,On the Road Reference Guide OP-117 v2,39,89,Delivery status-code reference,KNOWLEDGE_AND_REFERENCE_MAPPED,KNO-DEL-SECURITY-NODELIVERY-001,8,Mapped to operational knowledge and normalized status-code reference rows.,
SRC-GDRIVE-FILE-0014,On the Road Reference Guide OP-117 v2,40,89,"Package notation, delivery disputes, and customer expectations",KNOWLEDGE_AND_REFERENCE_MAPPED,KNO-DEL-DAMAGE-INSPECTION-001;KNO-DEL-DISPUTE-PREVENTION-001;KNO-DEL-NOTATION-001;KNO-DEL-SCAN-INTEGRITY-001;KNO-DEL-SECURITY-NODELIVERY-001;KNO-FORGE-EDIT-ADDRESS-001,1,Mapped to operational knowledge and normalized status-code reference rows.,
SRC-GDRIVE-FILE-0014,On the Road Reference Guide OP-117 v2,41,89,"Package notation, delivery disputes, and customer expectations",KNOWLEDGE_MAPPED,KNO-DEL-DISPUTE-PREVENTION-001;KNO-DEL-SCAN-INTEGRITY-001,0,Mapped to one or more authoritative operational knowledge records.,
SRC-GDRIVE-FILE-0014,On the Road Reference Guide OP-117 v2,42,89,HAL and SenseAware delivery,KNOWLEDGE_MAPPED,KNO-DEL-HAL-DELIVERY-001;KNO-DEL-HAL-NONHAL-TRANSFER-001,0,Mapped to one or more authoritative operational knowledge records.,
SRC-GDRIVE-FILE-0014,On the Road Reference Guide OP-117 v2,43,89,HAL and SenseAware delivery,KNOWLEDGE_MAPPED,KNO-DEL-HAL-DELIVERY-001;KNO-DEL-HAL-NONHAL-TRANSFER-001,0,Mapped to one or more authoritative operational knowledge records.,
SRC-GDRIVE-FILE-0014,On the Road Reference Guide OP-117 v2,44,89,HAL and SenseAware delivery,KNOWLEDGE_MAPPED,KNO-DEL-HAL-DELIVERY-001;KNO-DEL-HAL-NONHAL-TRANSFER-001;KNO-DEL-HAL-UNABLE-001;KNO-DOC-HANDSHEET-001,0,Mapped to one or more authoritative operational knowledge records.,
SRC-GDRIVE-FILE-0014,On the Road Reference Guide OP-117 v2,45,89,HAL and SenseAware delivery,KNOWLEDGE_MAPPED,KNO-DEL-HAL-UNABLE-001;KNO-DEL-SENSEAWARE-TAG-001,0,Mapped to one or more authoritative operational knowledge records.,
SRC-GDRIVE-FILE-0014,On the Road Reference Guide OP-117 v2,46,89,"Barcode, address, retry, damage-comment, and signature-device exceptions",KNOWLEDGE_MAPPED,KNO-DEL-APT-001;KNO-DEL-ATTEMPT-LIMIT-001;KNO-DEL-BARCODE-001;KNO-DEL-PLACEMENT-HAZARD-001;KNO-DEL-SAFEPLACE-001;KNO-DEL-SIG-DSR-001;KNO-DEL-SIG-ISR-001;KNO-FORGE-COMMENT-SCOPE-001;KNO-FORGE-EDIT-ADDRESS-001;KNO-FORGE-MANUAL-BARCODE-001,0,Mapped to one or more authoritative operational knowledge records.,
SRC-GDRIVE-FILE-0014,On the Road Reference Guide OP-117 v2,47,89,"Barcode, address, retry, damage-comment, and signature-device exceptions",KNOWLEDGE_MAPPED,KNO-DEL-OP206-001;KNO-PUP-PACKAGING-001,0,Mapped to one or more authoritative operational knowledge records.,
SRC-GDRIVE-FILE-0014,On the Road Reference Guide OP-117 v2,48,89,"Pickup listing, reconciliation, reason codes, call tags, and SenseAware pickup",KNOWLEDGE_MAPPED,KNO-PUP-PACKAGING-001,0,Mapped to one or more authoritative operational knowledge records.,
SRC-GDRIVE-FILE-0014,On the Road Reference Guide OP-117 v2,49,89,"Pickup listing, reconciliation, reason codes, call tags, and SenseAware pickup",KNOWLEDGE_MAPPED,KNO-PUP-UNLISTED-001,0,Mapped to one or more authoritative operational knowledge records.,
SRC-GDRIVE-FILE-0014,On the Road Reference Guide OP-117 v2,50,89,"Pickup listing, reconciliation, reason codes, call tags, and SenseAware pickup",KNOWLEDGE_MAPPED,KNO-PUP-UNLISTED-001,0,Mapped to one or more authoritative operational knowledge records.,
SRC-GDRIVE-FILE-0014,On the Road Reference Guide OP-117 v2,51,89,"Pickup listing, reconciliation, reason codes, call tags, and SenseAware pickup",KNOWLEDGE_MAPPED,KNO-PUP-UNLISTED-001,0,Mapped to one or more authoritative operational knowledge records.,
SRC-GDRIVE-FILE-0014,On the Road Reference Guide OP-117 v2,52,89,"Pickup listing, reconciliation, reason codes, call tags, and SenseAware pickup",KNOWLEDGE_MAPPED,KNO-PUP-CALLTAG-NOTREADY-001,0,Mapped to one or more authoritative operational knowledge records.,
SRC-GDRIVE-FILE-0014,On the Road Reference Guide OP-117 v2,53,89,"Pickup listing, reconciliation, reason codes, call tags, and SenseAware pickup",KNOWLEDGE_MAPPED,KNO-PUP-CALLTAG-NOTREADY-001;KNO-PUP-CALLTAG-RESTRICTED-001;KNO-PUP-CALLTAG-SUCCESS-001,0,Mapped to one or more authoritative operational knowledge records.,
SRC-GDRIVE-FILE-0014,On the Road Reference Guide OP-117 v2,54,89,"Pickup listing, reconciliation, reason codes, call tags, and SenseAware pickup",KNOWLEDGE_MAPPED,KNO-PUP-CALLTAG-NOTREADY-001;KNO-PUP-CALLTAG-REFUSED-001;KNO-PUP-CALLTAG-RESTRICTED-001;KNO-PUP-SENSEAWARE-NOHEALTHY-001,0,Mapped to one or more authoritative operational knowledge records.,
SRC-GDRIVE-FILE-0014,On the Road Reference Guide OP-117 v2,55,89,"Pickup listing, reconciliation, reason codes, call tags, and SenseAware pickup",KNOWLEDGE_MAPPED,KNO-PUP-SENSEAWARE-NOHEALTHY-001,0,Mapped to one or more authoritative operational knowledge records.,
SRC-GDRIVE-FILE-0014,On the Road Reference Guide OP-117 v2,56,89,"Drop-box pickup, connection fallbacks, settings, holiday, and early pickup",KNOWLEDGE_MAPPED,KNO-PUP-DROPBOX-CONNECTION-001,0,Mapped to one or more authoritative operational knowledge records.,
SRC-GDRIVE-FILE-0014,On the Road Reference Guide OP-117 v2,57,89,"Drop-box pickup, connection fallbacks, settings, holiday, and early pickup",KNOWLEDGE_MAPPED,KNO-PUP-DROPBOX-CONNECTION-001,0,Mapped to one or more authoritative operational knowledge records.,
SRC-GDRIVE-FILE-0014,On the Road Reference Guide OP-117 v2,58,89,"Drop-box pickup, connection fallbacks, settings, holiday, and early pickup",KNOWLEDGE_MAPPED,KNO-PUP-DROPBOX-CONNECTION-001,0,Mapped to one or more authoritative operational knowledge records.,
SRC-GDRIVE-FILE-0014,On the Road Reference Guide OP-117 v2,59,89,"Drop-box pickup, connection fallbacks, settings, holiday, and early pickup",KNOWLEDGE_MAPPED,KNO-PUP-DROPBOX-CONNECTION-001,0,Mapped to one or more authoritative operational knowledge records.,
SRC-GDRIVE-FILE-0014,On the Road Reference Guide OP-117 v2,60,89,"Drop-box pickup, connection fallbacks, settings, holiday, and early pickup",KNOWLEDGE_MAPPED,KNO-PUP-DROPBOX-CONNECTION-001,0,Mapped to one or more authoritative operational knowledge records.,
SRC-GDRIVE-FILE-0014,On the Road Reference Guide OP-117 v2,61,89,"Drop-box pickup, connection fallbacks, settings, holiday, and early pickup",KNOWLEDGE_MAPPED,KNO-PUP-DROPBOX-CONNECTION-001;KNO-PUP-DROPBOX-SCHEDULE-001;KNO-PUP-DROPBOX-SETTINGS-001,0,Mapped to one or more authoritative operational knowledge records.,
SRC-GDRIVE-FILE-0014,On the Road Reference Guide OP-117 v2,62,89,"Drop-box pickup, connection fallbacks, settings, holiday, and early pickup",KNOWLEDGE_MAPPED,KNO-PUP-DROPBOX-CONNECTION-001;KNO-PUP-DROPBOX-SCHEDULE-001;KNO-PUP-DROPBOX-SETTINGS-001,0,Mapped to one or more authoritative operational knowledge records.,
SRC-GDRIVE-FILE-0014,On the Road Reference Guide OP-117 v2,63,89,"Drop-box pickup, connection fallbacks, settings, holiday, and early pickup",KNOWLEDGE_MAPPED,KNO-PUP-DROPBOX-CONNECTION-001;KNO-PUP-DROPBOX-HOLIDAY-001;KNO-PUP-DROPBOX-SCHEDULE-001;KNO-PUP-DROPBOX-SETTINGS-001,0,Mapped to one or more authoritative operational knowledge records.,
SRC-GDRIVE-FILE-0014,On the Road Reference Guide OP-117 v2,64,89,"Drop-box pickup, connection fallbacks, settings, holiday, and early pickup",KNOWLEDGE_MAPPED,KNO-PUP-DROPBOX-CONNECTION-001;KNO-PUP-DROPBOX-EARLY-LAST-001;KNO-PUP-DROPBOX-HOLIDAY-001;KNO-PUP-DROPBOX-SCHEDULE-001;KNO-PUP-DROPBOX-SERIAL-001,0,Mapped to one or more authoritative operational knowledge records.,
SRC-GDRIVE-FILE-0014,On the Road Reference Guide OP-117 v2,65,89,"CXPC, pickup exceptions, combo stops, capacity, and geographic restrictions",KNOWLEDGE_MAPPED,KNO-PUP-WINDOW-RISK-001;KNO-PUP-WRONG-WA-001,0,Mapped to one or more authoritative operational knowledge records.,
SRC-GDRIVE-FILE-0014,On the Road Reference Guide OP-117 v2,66,89,"CXPC, pickup exceptions, combo stops, capacity, and geographic restrictions",KNOWLEDGE_MAPPED,KNO-PUP-OFFER-DECLINE-001;KNO-PUP-WINDOW-RISK-001;KNO-PUP-WRONG-WA-001,0,Mapped to one or more authoritative operational knowledge records.,
SRC-GDRIVE-FILE-0014,On the Road Reference Guide OP-117 v2,67,89,"CXPC, pickup exceptions, combo stops, capacity, and geographic restrictions",KNOWLEDGE_MAPPED,KNO-PUP-WINDOW-RISK-001,0,Mapped to one or more authoritative operational knowledge records.,
SRC-GDRIVE-FILE-0014,On the Road Reference Guide OP-117 v2,68,89,"CXPC, pickup exceptions, combo stops, capacity, and geographic restrictions",KNOWLEDGE_MAPPED,KNO-DEL-DAMAGE-INSPECTION-001;KNO-PUP-PRR-001;KNO-PUP-UNLISTED-001;KNO-PUP-WINDOW-RISK-001,0,Mapped to one or more authoritative operational knowledge records.,
SRC-GDRIVE-FILE-0014,On the Road Reference Guide OP-117 v2,69,89,"CXPC, pickup exceptions, combo stops, capacity, and geographic restrictions",KNOWLEDGE_MAPPED,KNO-DEL-DAMAGE-INSPECTION-001;KNO-FORGE-COMBO-STOP-001;KNO-PUP-PACKAGING-001;KNO-PUP-SCAN-INTEGRITY-001;KNO-PUP-SCANNER-FAIL-001;KNO-PUP-VEHICLE-CAPACITY-001;KNO-PUP-WINDOW-RISK-001;KNO-PUP-WRONG-WA-001,0,Mapped to one or more authoritative operational knowledge records.,
SRC-GDRIVE-FILE-0014,On the Road Reference Guide OP-117 v2,70,89,"CXPC, pickup exceptions, combo stops, capacity, and geographic restrictions",KNOWLEDGE_MAPPED,KNO-FORGE-COMBO-STOP-001,0,Mapped to one or more authoritative operational knowledge records.,
SRC-GDRIVE-FILE-0014,On the Road Reference Guide OP-117 v2,71,89,"CXPC, pickup exceptions, combo stops, capacity, and geographic restrictions",KNOWLEDGE_MAPPED,KNO-HAZ-AKHI-001;KNO-PUP-ZERO-001,0,Mapped to one or more authoritative operational knowledge records.,
SRC-GDRIVE-FILE-0014,On the Road Reference Guide OP-117 v2,72,89,Hazmat acceptance and transport,KNOWLEDGE_MAPPED,KNO-HAZ-ACCEPTANCE-001,0,Mapped to one or more authoritative operational knowledge records.,
SRC-GDRIVE-FILE-0014,On the Road Reference Guide OP-117 v2,73,89,Hazmat acceptance and transport,KNOWLEDGE_MAPPED,KNO-HAZ-ACCEPTANCE-001;KNO-HAZ-LOAD-PAPERS-001;KNO-HAZ-RADIOACTIVE-WET-001,0,Mapped to one or more authoritative operational knowledge records.,
SRC-GDRIVE-FILE-0014,On the Road Reference Guide OP-117 v2,74,89,Hazardous-materials section divider,SECTION_DIVIDER,,0,Hazardous-materials title/divider page with no independent operational instruction.,
SRC-GDRIVE-FILE-0014,On the Road Reference Guide OP-117 v2,75,89,"Hazmat certification, custody, manifest, delivery, and emergency response",KNOWLEDGE_MAPPED,KNO-HAZ-ACCEPTANCE-001,0,Mapped to one or more authoritative operational knowledge records.,
SRC-GDRIVE-FILE-0014,On the Road Reference Guide OP-117 v2,76,89,"Hazmat certification, custody, manifest, delivery, and emergency response",KNOWLEDGE_MAPPED,KNO-HAZ-MANIFEST-001,0,Mapped to one or more authoritative operational knowledge records.,
SRC-GDRIVE-FILE-0014,On the Road Reference Guide OP-117 v2,77,89,"Hazmat certification, custody, manifest, delivery, and emergency response",KNOWLEDGE_MAPPED,KNO-DEL-DAMAGE-INSPECTION-001;KNO-HAZ-ACCEPTANCE-001;KNO-HAZ-LEAK-001,0,Mapped to one or more authoritative operational knowledge records.,
SRC-GDRIVE-FILE-0014,On the Road Reference Guide OP-117 v2,78,89,"Hazmat certification, custody, manifest, delivery, and emergency response",KNOWLEDGE_MAPPED,KNO-HAZ-ACCEPTANCE-001,0,Mapped to one or more authoritative operational knowledge records.,
SRC-GDRIVE-FILE-0014,On the Road Reference Guide OP-117 v2,79,89,"Hazmat certification, custody, manifest, delivery, and emergency response",KNOWLEDGE_MAPPED,KNO-HAZ-LOAD-PAPERS-001,0,Mapped to one or more authoritative operational knowledge records.,
SRC-GDRIVE-FILE-0014,On the Road Reference Guide OP-117 v2,80,89,"Hazmat certification, custody, manifest, delivery, and emergency response",KNOWLEDGE_MAPPED,KNO-DEL-DAMAGE-INSPECTION-001;KNO-HAZ-LEAK-001;KNO-HAZ-MANIFEST-001;KNO-HAZ-SF136-001,0,Mapped to one or more authoritative operational knowledge records.,
SRC-GDRIVE-FILE-0014,On the Road Reference Guide OP-117 v2,81,89,"Relay, badges, vehicles, security, threats, theft, and incident reporting",KNOWLEDGE_MAPPED,KNO-CX-APPEARANCE-001;KNO-ETH-FALSIFICATION-001;KNO-HAZ-AKHI-001;KNO-PUP-CALLTAG-RESTRICTED-001;KNO-SEC-LOST-BADGE-001,0,Mapped to one or more authoritative operational knowledge records.,
SRC-GDRIVE-FILE-0014,On the Road Reference Guide OP-117 v2,82,89,"Relay, badges, vehicles, security, threats, theft, and incident reporting",KNOWLEDGE_MAPPED,KNO-CX-APPEARANCE-001;KNO-SEC-FACILITY-VEHICLE-001;KNO-SEC-LOST-BADGE-001,0,Mapped to one or more authoritative operational knowledge records.,
SRC-GDRIVE-FILE-0014,On the Road Reference Guide OP-117 v2,83,89,"Relay, badges, vehicles, security, threats, theft, and incident reporting",KNOWLEDGE_MAPPED,KNO-SEC-WEAPONS-SCREENING-001,0,Mapped to one or more authoritative operational knowledge records.,
SRC-GDRIVE-FILE-0014,On the Road Reference Guide OP-117 v2,84,89,"Relay, badges, vehicles, security, threats, theft, and incident reporting",KNOWLEDGE_MAPPED,KNO-COMMS-MEDIA-001;KNO-SEC-INCIDENT-REPORT-001;KNO-SEC-ROUTE-001;KNO-SEC-STOLEN-VEHICLE-001;KNO-SEC-WEAPONS-SCREENING-001,0,Mapped to one or more authoritative operational knowledge records.,
SRC-GDRIVE-FILE-0014,On the Road Reference Guide OP-117 v2,85,89,"Relay, badges, vehicles, security, threats, theft, and incident reporting",KNOWLEDGE_MAPPED,KNO-SEC-ACTIVE-THREAT-001;KNO-SEC-INCIDENT-REPORT-001,0,Mapped to one or more authoritative operational knowledge records.,
SRC-GDRIVE-FILE-0014,On the Road Reference Guide OP-117 v2,86,89,"Relay, badges, vehicles, security, threats, theft, and incident reporting",KNOWLEDGE_MAPPED,KNO-SEC-ACTIVE-THREAT-001;KNO-SEC-INCIDENT-REPORT-001;KNO-SEC-STOLEN-VEHICLE-001,0,Mapped to one or more authoritative operational knowledge records.,
SRC-GDRIVE-FILE-0014,On the Road Reference Guide OP-117 v2,87,89,"Relay, badges, vehicles, security, threats, theft, and incident reporting",KNOWLEDGE_MAPPED,KNO-SEC-INCIDENT-REPORT-001;KNO-SEC-ROUTE-001;KNO-SEC-STOLEN-VEHICLE-001,0,Mapped to one or more authoritative operational knowledge records.,
SRC-GDRIVE-FILE-0014,On the Road Reference Guide OP-117 v2,88,89,Common package-label visual reference,VISUAL_REFERENCE_ONLY,,0,Image-heavy examples of common label formats; no explicit operational instruction is stated.,
SRC-GDRIVE-FILE-0014,On the Road Reference Guide OP-117 v2,89,89,Common package-label visual reference and blank local-contact table,LOCAL_CONTACT_TEMPLATE_TRACKED,,0,"Label examples plus a blank local-contact template are tracked as a configurable artifact, not populated approved guidance.",Authorized local owners must populate and maintain current contacts outside the shared authoritative corpus.
SRC-GDRIVE-FILE-0015,Package Placement Quick Reference,1,2,Customer-reported placement photo examples,VISUAL_EXAMPLE_ONLY,,0,Customer-reported placement photographs illustrate dissatisfaction but do not independently establish a complete rule.,
SRC-GDRIVE-FILE-0015,Package Placement Quick Reference,2,2,Placement and PPOD quick reference,KNOWLEDGE_MAPPED,KNO-DEL-PLACEMENT-HAZARD-001,0,Mapped to one or more operational knowledge records with exact source evidence.,
SRC-GDRIVE-FILE-0016,Personnel Qualification Verification Flow,1,1,Qualification and activation flowchart,KNOWLEDGE_MAPPED,KNO-QUAL-L10-ACTIVATION-001,0,Mapped to one or more operational knowledge records with exact source evidence.,
