queue_order,resource_type,resource_id,title,url,capture_wave,priority_basis,related_gap_ids,candidate_comparison_source_ids,affected_nonverified_knowledge_ids,affected_current_evidence_knowledge_ids,affected_taxonomy_ids,work_state,state_basis,capture_action,completion_gate
1,PARTIAL_SOURCE_DOCUMENT,SRC-MGB-DOC-0009,Sample 2026 ISP Agreement,https://www.mygroundbiz.com/-/media/FXGMGB/docs/Agreement/General-agreement-information/ISP-Agreement/2026-ISP-Combined-Sample.ashx,WAVE_0_PARTIAL_SOURCE_COMPLETION,PRIMARY_SOURCE_REVIEW_ALREADY_STARTED; complete the unseen scope before lower-completion resources; existing review limits remain controlling and unseen content is not inferred,,,,,,PARTIAL_REVIEW_OPEN,SOURCE_INVENTORY_REVIEW_STATUS=PARTIALLY_REVIEWED,DOWNLOAD_ARCHIVE_HASH_RECORD_PAGE_COUNT_AND_COMPLETE_UNREVIEWED_PAGES,LOCAL_ARCHIVE_CHECKSUM_ALL_PAGES_REVIEWED_SOURCE_STATUS_FULLY_REVIEWED_AND_NEW_REFERENCES_INVENTORIED
2,PARTIAL_SOURCE_PAGE,SRC-MGB-ROOT-0001,MyGroundBiz Home,https://www.mygroundbiz.com/#,WAVE_0_PARTIAL_SOURCE_COMPLETION,PRIMARY_SOURCE_REVIEW_ALREADY_STARTED; complete the unseen scope before lower-completion resources; existing review limits remain controlling and unseen content is not inferred,,,,,,PARTIAL_REVIEW_OPEN,SOURCE_INVENTORY_REVIEW_STATUS=PARTIALLY_REVIEWED,AUTHENTICATED_DURABLE_RECAPTURE_COMPLETE_PAGE_AND_INVENTORY_ALL_LINKED_RESOURCES,DURABLE_PAGE_CAPTURE_LINK_INVENTORY_SOURCE_STATUS_RECONCILED_AND_REVIEW_COMPLETE
3,PARTIAL_SOURCE_DOCUMENT,SRC-MGB-DOC-0046,FORGE 3.2.0 Application Support Guide,https://www.mygroundbiz.com/-/media/FXGMGB/docs/Operations/PD-Technology/FORGE/FORGE-320-Application-Support-Guide-FXGMGB52626.ashx,WAVE_0_PARTIAL_SOURCE_COMPLETION,PRIMARY_SOURCE_REVIEW_ALREADY_STARTED; complete the unseen scope before lower-completion resources; existing review limits remain controlling and unseen content is not inferred,,,,,,PARTIAL_REVIEW_OPEN,SOURCE_INVENTORY_REVIEW_STATUS=PARTIALLY_REVIEWED,DOWNLOAD_ARCHIVE_HASH_RECORD_PAGE_COUNT_AND_COMPLETE_UNREVIEWED_PAGES,LOCAL_ARCHIVE_CHECKSUM_ALL_PAGES_REVIEWED_SOURCE_STATUS_FULLY_REVIEWED_AND_NEW_REFERENCES_INVENTORIED
4,UNREVIEWED_PRIMARY_DOCUMENT,SRC-MGB-DOC-0012,Pickup Familiarization Guide,https://www.mygroundbiz.com/-/media/FXGMGB/docs/Operations/CPC/2021-CPC/CPC-Familiarization-Guide-Oct-2021-Final.ashx,WAVE_0_UNREVIEWED_PRIMARY_ACQUISITION,ACCESSIBLE_PRIMARY_SOURCE_IS_INVENTORIED_BUT_NOT_REVIEWED; acquire and completely review it before backlog-only documents; candidate cross-references are comparison targets and do not establish byte identity,,,,,,UNREVIEWED_PRIMARY_OPEN,SOURCE_INVENTORY_REVIEW_STATUS=NOT_YET_REVIEWED;ACCESS_STATUS=ACCESSIBLE;LOCAL_ARCHIVE_PATH=EMPTY,DOWNLOAD_ARCHIVE_HASH_RECORD_PAGE_COUNT_COMPLETE_REVIEW_AND_COMPARE_CANDIDATE_BYTES,LOCAL_ARCHIVE_CHECKSUM_ALL_PAGES_REVIEWED_REFERENCES_INVENTORIED_AND_CANDIDATE_IDENTITY_RECONCILED
5,UNREVIEWED_PRIMARY_DOCUMENT,SRC-MGB-DOC-0017,FedEx Customer Connection features,https://www.mygroundbiz.com/-/media/FXGMGB/docs/Operations/CPC/FedEx-Customer-Connection-Flyer-Final.ashx,WAVE_0_UNREVIEWED_PRIMARY_ACQUISITION,ACCESSIBLE_PRIMARY_SOURCE_IS_INVENTORIED_BUT_NOT_REVIEWED; acquire and completely review it before backlog-only documents; candidate cross-references are comparison targets and do not establish byte identity,,,,,,UNREVIEWED_PRIMARY_OPEN,SOURCE_INVENTORY_REVIEW_STATUS=NOT_YET_REVIEWED;ACCESS_STATUS=ACCESSIBLE;LOCAL_ARCHIVE_PATH=EMPTY,DOWNLOAD_ARCHIVE_HASH_RECORD_PAGE_COUNT_COMPLETE_REVIEW_AND_COMPARE_CANDIDATE_BYTES,LOCAL_ARCHIVE_CHECKSUM_ALL_PAGES_REVIEWED_REFERENCES_INVENTORIED_AND_CANDIDATE_IDENTITY_RECONCILED
6,UNREVIEWED_PRIMARY_DOCUMENT,SRC-MGB-DOC-0018,Opportunities to Contact CXPC,https://www.mygroundbiz.com/-/media/FXGMGB/docs/Operations/CPC/2021-CPC/CPC-Pickup-Slides-Final-Feb-2021.ashx,WAVE_0_UNREVIEWED_PRIMARY_ACQUISITION,ACCESSIBLE_PRIMARY_SOURCE_IS_INVENTORIED_BUT_NOT_REVIEWED; acquire and completely review it before backlog-only documents; candidate cross-references are comparison targets and do not establish byte identity,,,,,,UNREVIEWED_PRIMARY_OPEN,SOURCE_INVENTORY_REVIEW_STATUS=NOT_YET_REVIEWED;ACCESS_STATUS=ACCESSIBLE;LOCAL_ARCHIVE_PATH=EMPTY,DOWNLOAD_ARCHIVE_HASH_RECORD_PAGE_COUNT_COMPLETE_REVIEW_AND_COMPARE_CANDIDATE_BYTES,LOCAL_ARCHIVE_CHECKSUM_ALL_PAGES_REVIEWED_REFERENCES_INVENTORIED_AND_CANDIDATE_IDENTITY_RECONCILED
7,UNREVIEWED_PRIMARY_DOCUMENT,SRC-MGB-DOC-0019,Growing Business through Sales Leads,https://www.mygroundbiz.com/-/media/FXGMGB/docs/Operations/CPC/CPC-Sales-Leads-Flyer-Final.ashx,WAVE_0_UNREVIEWED_PRIMARY_ACQUISITION,ACCESSIBLE_PRIMARY_SOURCE_IS_INVENTORIED_BUT_NOT_REVIEWED; acquire and completely review it before backlog-only documents; candidate cross-references are comparison targets and do not establish byte identity,,,,,,UNREVIEWED_PRIMARY_OPEN,SOURCE_INVENTORY_REVIEW_STATUS=NOT_YET_REVIEWED;ACCESS_STATUS=ACCESSIBLE;LOCAL_ARCHIVE_PATH=EMPTY,DOWNLOAD_ARCHIVE_HASH_RECORD_PAGE_COUNT_COMPLETE_REVIEW_AND_COMPARE_CANDIDATE_BYTES,LOCAL_ARCHIVE_CHECKSUM_ALL_PAGES_REVIEWED_REFERENCES_INVENTORIED_AND_CANDIDATE_IDENTITY_RECONCILED
8,UNREVIEWED_PRIMARY_DOCUMENT,SRC-MGB-DOC-0021,Single/Multiple-Stop Scenarios chart — U.S.,https://www.mygroundbiz.com/-/media/FXGMGB/docs/News-articles/2021/20FL088-Stop-Type-Chart-US.ashx,WAVE_0_UNREVIEWED_PRIMARY_ACQUISITION,ACCESSIBLE_PRIMARY_SOURCE_IS_INVENTORIED_BUT_NOT_REVIEWED; acquire and completely review it before backlog-only documents; candidate cross-references are comparison targets and do not establish byte identity,,,,,,UNREVIEWED_PRIMARY_OPEN,SOURCE_INVENTORY_REVIEW_STATUS=NOT_YET_REVIEWED;ACCESS_STATUS=ACCESSIBLE;LOCAL_ARCHIVE_PATH=EMPTY,DOWNLOAD_ARCHIVE_HASH_RECORD_PAGE_COUNT_COMPLETE_REVIEW_AND_COMPARE_CANDIDATE_BYTES,LOCAL_ARCHIVE_CHECKSUM_ALL_PAGES_REVIEWED_REFERENCES_INVENTORIED_AND_CANDIDATE_IDENTITY_RECONCILED
9,UNREVIEWED_PRIMARY_DOCUMENT,SRC-MGB-DOC-0022,CXPC Facts Template 2024,https://www.mygroundbiz.com/-/media/FXGMGB/docs/Operations/CPC/CXPC-Facts-Template_2024.ashx,WAVE_0_UNREVIEWED_PRIMARY_ACQUISITION,ACCESSIBLE_PRIMARY_SOURCE_IS_INVENTORIED_BUT_NOT_REVIEWED; acquire and completely review it before backlog-only documents; candidate cross-references are comparison targets and do not establish byte identity,,,,,,UNREVIEWED_PRIMARY_OPEN,SOURCE_INVENTORY_REVIEW_STATUS=NOT_YET_REVIEWED;ACCESS_STATUS=ACCESSIBLE;LOCAL_ARCHIVE_PATH=EMPTY,DOWNLOAD_ARCHIVE_HASH_RECORD_PAGE_COUNT_COMPLETE_REVIEW_AND_COMPARE_CANDIDATE_BYTES,LOCAL_ARCHIVE_CHECKSUM_ALL_PAGES_REVIEWED_REFERENCES_INVENTORIED_AND_CANDIDATE_IDENTITY_RECONCILED
10,UNREVIEWED_PRIMARY_DOCUMENT,SRC-MGB-DOC-0023,PetSmart master Ship-from-Store list,https://www.mygroundbiz.com/-/media/FXGMGB/docs/News-articles/PetSmart-master-store-list_MGB.ashx,WAVE_0_UNREVIEWED_PRIMARY_ACQUISITION,ACCESSIBLE_PRIMARY_SOURCE_IS_INVENTORIED_BUT_NOT_REVIEWED; acquire and completely review it before backlog-only documents; candidate cross-references are comparison targets and do not establish byte identity,,,,,,UNREVIEWED_PRIMARY_OPEN,SOURCE_INVENTORY_REVIEW_STATUS=NOT_YET_REVIEWED;ACCESS_STATUS=ACCESSIBLE;LOCAL_ARCHIVE_PATH=EMPTY,DOWNLOAD_ARCHIVE_HASH_RECORD_PAGE_COUNT_COMPLETE_REVIEW_AND_COMPARE_CANDIDATE_BYTES,LOCAL_ARCHIVE_CHECKSUM_ALL_PAGES_REVIEWED_REFERENCES_INVENTORIED_AND_CANDIDATE_IDENTITY_RECONCILED
11,UNREVIEWED_PRIMARY_DOCUMENT,SRC-MGB-DOC-0025,SRS and SRI FAQ — French,https://www.mygroundbiz.com/-/media/FXGMGB/docs/Safety/SRS-SRI/FAQ_SRS-and-SRI_MGB_Final_French_42726.ashx,WAVE_0_UNREVIEWED_PRIMARY_ACQUISITION,ACCESSIBLE_PRIMARY_SOURCE_IS_INVENTORIED_BUT_NOT_REVIEWED; acquire and completely review it before backlog-only documents; candidate cross-references are comparison targets and do not establish byte identity,,,,,,UNREVIEWED_PRIMARY_OPEN,SOURCE_INVENTORY_REVIEW_STATUS=NOT_YET_REVIEWED;ACCESS_STATUS=ACCESSIBLE;LOCAL_ARCHIVE_PATH=EMPTY,DOWNLOAD_ARCHIVE_HASH_RECORD_PAGE_COUNT_COMPLETE_REVIEW_AND_COMPARE_CANDIDATE_BYTES,LOCAL_ARCHIVE_CHECKSUM_ALL_PAGES_REVIEWED_REFERENCES_INVENTORIED_AND_CANDIDATE_IDENTITY_RECONCILED
12,UNREVIEWED_PRIMARY_DOCUMENT,SRC-MGB-DOC-0026,Alternative Vehicle Operations Statement of Lease,https://www.mygroundbiz.com/-/media/FXGMGB/docs/Vehicles/Vehicle-Standards/Alternative-Vehicles/Alternative-Vehicle-Operations-Statement-of-Lease101424.ashx,WAVE_0_UNREVIEWED_PRIMARY_ACQUISITION,ACCESSIBLE_PRIMARY_SOURCE_IS_INVENTORIED_BUT_NOT_REVIEWED; acquire and completely review it before backlog-only documents; candidate cross-references are comparison targets and do not establish byte identity,,,,,,UNREVIEWED_PRIMARY_OPEN,SOURCE_INVENTORY_REVIEW_STATUS=NOT_YET_REVIEWED;ACCESS_STATUS=ACCESSIBLE;LOCAL_ARCHIVE_PATH=EMPTY,DOWNLOAD_ARCHIVE_HASH_RECORD_PAGE_COUNT_COMPLETE_REVIEW_AND_COMPARE_CANDIDATE_BYTES,LOCAL_ARCHIVE_CHECKSUM_ALL_PAGES_REVIEWED_REFERENCES_INVENTORIED_AND_CANDIDATE_IDENTITY_RECONCILED
13,UNREVIEWED_PRIMARY_DOCUMENT,SRC-MGB-DOC-0027,Alternative Vehicle Operations Statement of Sub-Lease,https://www.mygroundbiz.com/-/media/FXGMGB/docs/Vehicles/Vehicle-Standards/Alternative-Vehicles/Alternative-Vehicle-Operations-Statement-of-Sub-Lease101424.ashx,WAVE_0_UNREVIEWED_PRIMARY_ACQUISITION,ACCESSIBLE_PRIMARY_SOURCE_IS_INVENTORIED_BUT_NOT_REVIEWED; acquire and completely review it before backlog-only documents; candidate cross-references are comparison targets and do not establish byte identity,,,,,,UNREVIEWED_PRIMARY_OPEN,SOURCE_INVENTORY_REVIEW_STATUS=NOT_YET_REVIEWED;ACCESS_STATUS=ACCESSIBLE;LOCAL_ARCHIVE_PATH=EMPTY,DOWNLOAD_ARCHIVE_HASH_RECORD_PAGE_COUNT_COMPLETE_REVIEW_AND_COMPARE_CANDIDATE_BYTES,LOCAL_ARCHIVE_CHECKSUM_ALL_PAGES_REVIEWED_REFERENCES_INVENTORIED_AND_CANDIDATE_IDENTITY_RECONCILED
14,UNREVIEWED_PRIMARY_DOCUMENT,SRC-MGB-DOC-0028,Trailer Pull Safety Regulations and Safety Obligations — updated flyer,https://www.mygroundbiz.com/-/media/FXGMGB/docs/Operations/Linehaul/22FL295-FXG-Customer-PUs-Trailer-Pull-SOP-updated-080222.ashx,WAVE_0_UNREVIEWED_PRIMARY_ACQUISITION,ACCESSIBLE_PRIMARY_SOURCE_IS_INVENTORIED_BUT_NOT_REVIEWED; acquire and completely review it before backlog-only documents; candidate cross-references are comparison targets and do not establish byte identity,,,,,,UNREVIEWED_PRIMARY_OPEN,SOURCE_INVENTORY_REVIEW_STATUS=NOT_YET_REVIEWED;ACCESS_STATUS=ACCESSIBLE;LOCAL_ARCHIVE_PATH=EMPTY,DOWNLOAD_ARCHIVE_HASH_RECORD_PAGE_COUNT_COMPLETE_REVIEW_AND_COMPARE_CANDIDATE_BYTES,LOCAL_ARCHIVE_CHECKSUM_ALL_PAGES_REVIEWED_REFERENCES_INVENTORIED_AND_CANDIDATE_IDENTITY_RECONCILED
15,UNREVIEWED_PRIMARY_DOCUMENT,SRC-MGB-DOC-0029,Trailer Pull Safety Regulations and Safety Obligations — July 2022 flyer,https://www.mygroundbiz.com/-/media/FXGMGB/docs/Operations/Linehaul/22FL295-FXG-Customer-PUs-Trailer-Pull-SOP-July-2022.ashx,WAVE_0_UNREVIEWED_PRIMARY_ACQUISITION,ACCESSIBLE_PRIMARY_SOURCE_IS_INVENTORIED_BUT_NOT_REVIEWED; acquire and completely review it before backlog-only documents; candidate cross-references are comparison targets and do not establish byte identity,,,,,,UNREVIEWED_PRIMARY_OPEN,SOURCE_INVENTORY_REVIEW_STATUS=NOT_YET_REVIEWED;ACCESS_STATUS=ACCESSIBLE;LOCAL_ARCHIVE_PATH=EMPTY,DOWNLOAD_ARCHIVE_HASH_RECORD_PAGE_COUNT_COMPLETE_REVIEW_AND_COMPARE_CANDIDATE_BYTES,LOCAL_ARCHIVE_CHECKSUM_ALL_PAGES_REVIEWED_REFERENCES_INVENTORIED_AND_CANDIDATE_IDENTITY_RECONCILED
16,UNREVIEWED_PRIMARY_DOCUMENT,SRC-MGB-DOC-0030,Trailer dock pull regulations and safety obligations — printable English,https://www.mygroundbiz.com/-/media/FXGMGB/docs/Operations/Linehaul/Trailer-dock-pull-regulations-and-safety-obligationsLHMGB2822FINAL.ashx,WAVE_0_UNREVIEWED_PRIMARY_ACQUISITION,ACCESSIBLE_PRIMARY_SOURCE_IS_INVENTORIED_BUT_NOT_REVIEWED; acquire and completely review it before backlog-only documents; candidate cross-references are comparison targets and do not establish byte identity,,,,,,UNREVIEWED_PRIMARY_OPEN,SOURCE_INVENTORY_REVIEW_STATUS=NOT_YET_REVIEWED;ACCESS_STATUS=ACCESSIBLE;LOCAL_ARCHIVE_PATH=EMPTY,DOWNLOAD_ARCHIVE_HASH_RECORD_PAGE_COUNT_COMPLETE_REVIEW_AND_COMPARE_CANDIDATE_BYTES,LOCAL_ARCHIVE_CHECKSUM_ALL_PAGES_REVIEWED_REFERENCES_INVENTORIED_AND_CANDIDATE_IDENTITY_RECONCILED
17,UNREVIEWED_PRIMARY_DOCUMENT,SRC-MGB-DOC-0031,Trailer dock pull regulations and safety obligations — French,https://www.mygroundbiz.com/-/media/FXGMGB/docs/Operations/Linehaul/Trailer-dock-pull-regulations-and-safety-obligationsMGB21622FRFINAL.ashx,WAVE_0_UNREVIEWED_PRIMARY_ACQUISITION,ACCESSIBLE_PRIMARY_SOURCE_IS_INVENTORIED_BUT_NOT_REVIEWED; acquire and completely review it before backlog-only documents; candidate cross-references are comparison targets and do not establish byte identity,,,,,,UNREVIEWED_PRIMARY_OPEN,SOURCE_INVENTORY_REVIEW_STATUS=NOT_YET_REVIEWED;ACCESS_STATUS=ACCESSIBLE;LOCAL_ARCHIVE_PATH=EMPTY,DOWNLOAD_ARCHIVE_HASH_RECORD_PAGE_COUNT_COMPLETE_REVIEW_AND_COMPARE_CANDIDATE_BYTES,LOCAL_ARCHIVE_CHECKSUM_ALL_PAGES_REVIEWED_REFERENCES_INVENTORIED_AND_CANDIDATE_IDENTITY_RECONCILED
18,UNREVIEWED_PRIMARY_DOCUMENT,SRC-MGB-DOC-0032,ISP Agreement Qualification Certification Conditions,https://www.mygroundbiz.com/login?redirect=//-/media/FXGMGB/docs/Agreement/Safety-Terms/Qualification-Certification-Conditions--ISPA-01012025.ashx,WAVE_0_UNREVIEWED_PRIMARY_ACQUISITION,ACCESSIBLE_PRIMARY_SOURCE_IS_INVENTORIED_BUT_NOT_REVIEWED; acquire and completely review it before backlog-only documents; candidate cross-references are comparison targets and do not establish byte identity,,,,,,UNREVIEWED_PRIMARY_OPEN,SOURCE_INVENTORY_REVIEW_STATUS=NOT_YET_REVIEWED;ACCESS_STATUS=ACCESSIBLE;LOCAL_ARCHIVE_PATH=EMPTY,DOWNLOAD_ARCHIVE_HASH_RECORD_PAGE_COUNT_COMPLETE_REVIEW_AND_COMPARE_CANDIDATE_BYTES,LOCAL_ARCHIVE_CHECKSUM_ALL_PAGES_REVIEWED_REFERENCES_INVENTORIED_AND_CANDIDATE_IDENTITY_RECONCILED
19,UNREVIEWED_PRIMARY_DOCUMENT,SRC-MGB-DOC-0033,Linehaul ELDP Checklist,https://www.mygroundbiz.com/-/media/FXGMGB/docs/Operations/Driver-Qualification/Driving-Standards-for-Linehaul/LH-ELDP-Checklistrev71624.ashx,WAVE_0_UNREVIEWED_PRIMARY_ACQUISITION,ACCESSIBLE_PRIMARY_SOURCE_IS_INVENTORIED_BUT_NOT_REVIEWED; acquire and completely review it before backlog-only documents; candidate cross-references are comparison targets and do not establish byte identity,,,,,,UNREVIEWED_PRIMARY_OPEN,SOURCE_INVENTORY_REVIEW_STATUS=NOT_YET_REVIEWED;ACCESS_STATUS=ACCESSIBLE;LOCAL_ARCHIVE_PATH=EMPTY,DOWNLOAD_ARCHIVE_HASH_RECORD_PAGE_COUNT_COMPLETE_REVIEW_AND_COMPARE_CANDIDATE_BYTES,LOCAL_ARCHIVE_CHECKSUM_ALL_PAGES_REVIEWED_REFERENCES_INVENTORIED_AND_CANDIDATE_IDENTITY_RECONCILED
20,UNREVIEWED_PRIMARY_DOCUMENT,SRC-MGB-DOC-0034,Linehaul ELDP Frequently Asked Questions,https://www.mygroundbiz.com/-/media/FXGMGB/docs/Operations/Driver-Qualification/Driving-Standards-for-Linehaul/FAQ-LH-ELDPrev7172024FINAL.ashx,WAVE_0_UNREVIEWED_PRIMARY_ACQUISITION,ACCESSIBLE_PRIMARY_SOURCE_IS_INVENTORIED_BUT_NOT_REVIEWED; acquire and completely review it before backlog-only documents; candidate cross-references are comparison targets and do not establish byte identity,,,,,,UNREVIEWED_PRIMARY_OPEN,SOURCE_INVENTORY_REVIEW_STATUS=NOT_YET_REVIEWED;ACCESS_STATUS=ACCESSIBLE;LOCAL_ARCHIVE_PATH=EMPTY,DOWNLOAD_ARCHIVE_HASH_RECORD_PAGE_COUNT_COMPLETE_REVIEW_AND_COMPARE_CANDIDATE_BYTES,LOCAL_ARCHIVE_CHECKSUM_ALL_PAGES_REVIEWED_REFERENCES_INVENTORIED_AND_CANDIDATE_IDENTITY_RECONCILED
21,UNREVIEWED_PRIMARY_DOCUMENT,SRC-MGB-DOC-0035,Driving School Form SF-012,https://www.mygroundbiz.com/-/media/FXGMGB/docs/Safety/SF-012_20240627_CP1.ashx,WAVE_0_UNREVIEWED_PRIMARY_ACQUISITION,ACCESSIBLE_PRIMARY_SOURCE_IS_INVENTORIED_BUT_NOT_REVIEWED; acquire and completely review it before backlog-only documents; candidate cross-references are comparison targets and do not establish byte identity,,,,,,UNREVIEWED_PRIMARY_OPEN,SOURCE_INVENTORY_REVIEW_STATUS=NOT_YET_REVIEWED;ACCESS_STATUS=ACCESSIBLE;LOCAL_ARCHIVE_PATH=EMPTY,DOWNLOAD_ARCHIVE_HASH_RECORD_PAGE_COUNT_COMPLETE_REVIEW_AND_COMPARE_CANDIDATE_BYTES,LOCAL_ARCHIVE_CHECKSUM_ALL_PAGES_REVIEWED_REFERENCES_INVENTORIED_AND_CANDIDATE_IDENTITY_RECONCILED
22,UNREVIEWED_PRIMARY_DOCUMENT,SRC-MGB-DOC-0036,Driving School Evaluation and Guidelines SF-011,https://www.mygroundbiz.com/-/media/FXGMGB/docs/Safety/Driving-schools/SF011-Driving-School-Terms1292022.ashx,WAVE_0_UNREVIEWED_PRIMARY_ACQUISITION,ACCESSIBLE_PRIMARY_SOURCE_IS_INVENTORIED_BUT_NOT_REVIEWED; acquire and completely review it before backlog-only documents; candidate cross-references are comparison targets and do not establish byte identity,,,,,,UNREVIEWED_PRIMARY_OPEN,SOURCE_INVENTORY_REVIEW_STATUS=NOT_YET_REVIEWED;ACCESS_STATUS=ACCESSIBLE;LOCAL_ARCHIVE_PATH=EMPTY,DOWNLOAD_ARCHIVE_HASH_RECORD_PAGE_COUNT_COMPLETE_REVIEW_AND_COMPARE_CANDIDATE_BYTES,LOCAL_ARCHIVE_CHECKSUM_ALL_PAGES_REVIEWED_REFERENCES_INVENTORIED_AND_CANDIDATE_IDENTITY_RECONCILED
23,UNREVIEWED_PRIMARY_DOCUMENT,SRC-MGB-DOC-0037,Qualified Linehaul Driving Schools list,https://www.mygroundbiz.com/-/media/FXGMGB/docs/Safety/Driving-schools/2025/Qualified-Linehaul-Driving-Schools-V104US91225.ashx,WAVE_0_UNREVIEWED_PRIMARY_ACQUISITION,ACCESSIBLE_PRIMARY_SOURCE_IS_INVENTORIED_BUT_NOT_REVIEWED; acquire and completely review it before backlog-only documents; candidate cross-references are comparison targets and do not establish byte identity,,,,,,UNREVIEWED_PRIMARY_OPEN,SOURCE_INVENTORY_REVIEW_STATUS=NOT_YET_REVIEWED;ACCESS_STATUS=ACCESSIBLE;LOCAL_ARCHIVE_PATH=EMPTY,DOWNLOAD_ARCHIVE_HASH_RECORD_PAGE_COUNT_COMPLETE_REVIEW_AND_COMPARE_CANDIDATE_BYTES,LOCAL_ARCHIVE_CHECKSUM_ALL_PAGES_REVIEWED_REFERENCES_INVENTORIED_AND_CANDIDATE_IDENTITY_RECONCILED
24,UNREVIEWED_PRIMARY_PAGE,SRC-MGB-PAGE-0026,Pure Country requests NSR packages be released on first attempt,https://www.mygroundbiz.com/news/2025/Pure-Country-requests-NSR-packages-be-released-on-first-attempt,WAVE_0_UNREVIEWED_PRIMARY_ACQUISITION,ACCESSIBLE_PRIMARY_SOURCE_IS_INVENTORIED_BUT_NOT_REVIEWED; acquire and completely review it before backlog-only documents; candidate cross-references are comparison targets and do not establish byte identity,,,,,,UNREVIEWED_PRIMARY_OPEN,SOURCE_INVENTORY_REVIEW_STATUS=NOT_YET_REVIEWED;ACCESS_STATUS=ACCESSIBLE;LOCAL_ARCHIVE_PATH=EMPTY,AUTHENTICATED_DURABLE_CAPTURE_COMPLETE_PAGE_AND_COMPLETE_REVIEW,DURABLE_PAGE_CAPTURE_LINK_INVENTORY_AND_SOURCE_STATUS_RECONCILED
25,UNREVIEWED_PRIMARY_PAGE,SRC-MGB-PAGE-0027,Customer expectations for Orvis retail store pickups and deliveries,https://www.mygroundbiz.com/news/2025/Customer-expectations-for-Orvis-retail-store-pickups-and-deliveries,WAVE_0_UNREVIEWED_PRIMARY_ACQUISITION,ACCESSIBLE_PRIMARY_SOURCE_IS_INVENTORIED_BUT_NOT_REVIEWED; acquire and completely review it before backlog-only documents; candidate cross-references are comparison targets and do not establish byte identity,,,,,,UNREVIEWED_PRIMARY_OPEN,SOURCE_INVENTORY_REVIEW_STATUS=NOT_YET_REVIEWED;ACCESS_STATUS=ACCESSIBLE;LOCAL_ARCHIVE_PATH=EMPTY,AUTHENTICATED_DURABLE_CAPTURE_COMPLETE_PAGE_AND_COMPLETE_REVIEW,DURABLE_PAGE_CAPTURE_LINK_INVENTORY_AND_SOURCE_STATUS_RECONCILED
26,UNREVIEWED_PRIMARY_PAGE,SRC-MGB-PAGE-0028,Customer requests valuable ACT packages to be handled with care (2025),https://www.mygroundbiz.com/news/2025/Customer-requests-valuable-ACT-packages-to-be-handled-with-care,WAVE_0_UNREVIEWED_PRIMARY_ACQUISITION,ACCESSIBLE_PRIMARY_SOURCE_IS_INVENTORIED_BUT_NOT_REVIEWED; acquire and completely review it before backlog-only documents; candidate cross-references are comparison targets and do not establish byte identity,,,,,,UNREVIEWED_PRIMARY_OPEN,SOURCE_INVENTORY_REVIEW_STATUS=NOT_YET_REVIEWED;ACCESS_STATUS=ACCESSIBLE;LOCAL_ARCHIVE_PATH=EMPTY,AUTHENTICATED_DURABLE_CAPTURE_COMPLETE_PAGE_AND_COMPLETE_REVIEW,DURABLE_PAGE_CAPTURE_LINK_INVENTORY_AND_SOURCE_STATUS_RECONCILED
27,UNREVIEWED_PRIMARY_PAGE,SRC-MGB-PAGE-0029,Customer requests valuable ACT packages to be handled with care (2026),https://www.mygroundbiz.com/news/2026/Customer-requests-valuable-ACT-packages-to-be-handled-with-care,WAVE_0_UNREVIEWED_PRIMARY_ACQUISITION,ACCESSIBLE_PRIMARY_SOURCE_IS_INVENTORIED_BUT_NOT_REVIEWED; acquire and completely review it before backlog-only documents; candidate cross-references are comparison targets and do not establish byte identity,,,,,,UNREVIEWED_PRIMARY_OPEN,SOURCE_INVENTORY_REVIEW_STATUS=NOT_YET_REVIEWED;ACCESS_STATUS=ACCESSIBLE;LOCAL_ARCHIVE_PATH=EMPTY,AUTHENTICATED_DURABLE_CAPTURE_COMPLETE_PAGE_AND_COMPLETE_REVIEW,DURABLE_PAGE_CAPTURE_LINK_INVENTORY_AND_SOURCE_STATUS_RECONCILED
28,UNREVIEWED_PRIMARY_PAGE,SRC-MGB-PAGE-0032,Dick's Sporting Goods Scan All Exemption (2023),https://www.mygroundbiz.com/news/2023/Dicks-Sporting-Goods-scan-all-exemption,WAVE_0_UNREVIEWED_PRIMARY_ACQUISITION,ACCESSIBLE_PRIMARY_SOURCE_IS_INVENTORIED_BUT_NOT_REVIEWED; acquire and completely review it before backlog-only documents; candidate cross-references are comparison targets and do not establish byte identity,,,,,,UNREVIEWED_PRIMARY_OPEN,SOURCE_INVENTORY_REVIEW_STATUS=NOT_YET_REVIEWED;ACCESS_STATUS=ACCESSIBLE;LOCAL_ARCHIVE_PATH=EMPTY,AUTHENTICATED_DURABLE_CAPTURE_COMPLETE_PAGE_AND_COMPLETE_REVIEW,DURABLE_PAGE_CAPTURE_LINK_INVENTORY_AND_SOURCE_STATUS_RECONCILED
29,DURABLE_RECAPTURE_DOCUMENT,SRC-MGB-DOC-0038,Sideswipe Collisions,https://www.mygroundbiz.com/-/media/FXGMGB/docs/Safety/FY26-VSM/SIDESWIPEVSM80326-ENG.ashx,WAVE_0_DURABLE_RECAPTURE,SOURCE_IS_FULLY_REVIEWED_BUT_HAS_NO_DURABLE_LOCAL_CAPTURE; preserve underlying evidence before lower-priority acquisition; existing authority status and mappings remain unchanged until reconciliation,,,,KNO-SAF-REDLIGHT-001;KNO-SAF-SIDESWIPE-001,TAX-DOT;TAX-VEHICLE-SAFETY,REVIEWED_DURABLE_CAPTURE_OPEN,SOURCE_INVENTORY_REVIEW_STATUS=FULLY_REVIEWED;LOCAL_ARCHIVE_PATH=EMPTY,DOWNLOAD_ARCHIVE_HASH_AND_RECONCILE_REVIEW_ARTIFACT,LOCAL_ARCHIVE_CHECKSUM_EXISTING_REVIEW_LOCATORS_RECONCILED_AND_SOURCE_STATUS_RECONFIRMED
30,DURABLE_RECAPTURE_DOCUMENT,SRC-MGB-DOC-0039,Summer Driving,https://www.mygroundbiz.com/-/media/FXGMGB/docs/Safety/FY26-VSM/SUMMER-DRIVINGVSM072726ENGFINAL.ashx,WAVE_0_DURABLE_RECAPTURE,SOURCE_IS_FULLY_REVIEWED_BUT_HAS_NO_DURABLE_LOCAL_CAPTURE; preserve underlying evidence before lower-priority acquisition; existing authority status and mappings remain unchanged until reconciliation,,,,KNO-SAF-DISTRACTION-001;KNO-SAF-HYDRATION-001;KNO-SAF-SUMMER-TRAFFIC-001;KNO-SAF-SUN-EXPOSURE-001,TAX-DOT;TAX-VEHICLE-SAFETY,REVIEWED_DURABLE_CAPTURE_OPEN,SOURCE_INVENTORY_REVIEW_STATUS=FULLY_REVIEWED;LOCAL_ARCHIVE_PATH=EMPTY,DOWNLOAD_ARCHIVE_HASH_AND_RECONCILE_REVIEW_ARTIFACT,LOCAL_ARCHIVE_CHECKSUM_EXISTING_REVIEW_LOCATORS_RECONCILED_AND_SOURCE_STATUS_RECONFIRMED
31,DURABLE_RECAPTURE_PAGE,SRC-MGB-PAGE-0009,ISP Agreement,https://www.mygroundbiz.com/en/agreement/general-agreement-information/isp-agreement,WAVE_0_DURABLE_RECAPTURE,SOURCE_IS_FULLY_REVIEWED_BUT_HAS_NO_DURABLE_LOCAL_CAPTURE; preserve underlying evidence before lower-priority acquisition; existing authority status and mappings remain unchanged until reconciliation,,,,,,REVIEWED_DURABLE_CAPTURE_OPEN,SOURCE_INVENTORY_REVIEW_STATUS=FULLY_REVIEWED;LOCAL_ARCHIVE_PATH=EMPTY,AUTHENTICATED_DURABLE_CAPTURE_COMPLETE_PAGE_AND_RECONCILE_REVIEW_ARTIFACT,DURABLE_PAGE_CAPTURE_EXISTING_REVIEW_LOCATORS_RECONCILED_AND_SOURCE_STATUS_RECONFIRMED
32,DURABLE_RECAPTURE_PAGE,SRC-MGB-PAGE-0012,Safety and Compliance Program Resources,https://www.mygroundbiz.com/en/safety/regulatory-compliance/safety-and-compliance-program-resources,WAVE_0_DURABLE_RECAPTURE,SOURCE_IS_FULLY_REVIEWED_BUT_HAS_NO_DURABLE_LOCAL_CAPTURE; preserve underlying evidence before lower-priority acquisition; existing authority status and mappings remain unchanged until reconciliation,,,,,,REVIEWED_DURABLE_CAPTURE_OPEN,SOURCE_INVENTORY_REVIEW_STATUS=FULLY_REVIEWED;LOCAL_ARCHIVE_PATH=EMPTY,AUTHENTICATED_DURABLE_CAPTURE_COMPLETE_PAGE_AND_RECONCILE_REVIEW_ARTIFACT,DURABLE_PAGE_CAPTURE_EXISTING_REVIEW_LOCATORS_RECONCILED_AND_SOURCE_STATUS_RECONFIRMED
33,DURABLE_RECAPTURE_PAGE,SRC-MGB-PAGE-0013,Safety Topic Library,https://www.mygroundbiz.com/en/safety/safety-resources/safety-topic-library,WAVE_0_DURABLE_RECAPTURE,SOURCE_IS_FULLY_REVIEWED_BUT_HAS_NO_DURABLE_LOCAL_CAPTURE; preserve underlying evidence before lower-priority acquisition; existing authority status and mappings remain unchanged until reconciliation,,,,,,REVIEWED_DURABLE_CAPTURE_OPEN,SOURCE_INVENTORY_REVIEW_STATUS=FULLY_REVIEWED;LOCAL_ARCHIVE_PATH=EMPTY,AUTHENTICATED_DURABLE_CAPTURE_COMPLETE_PAGE_AND_RECONCILE_REVIEW_ARTIFACT,DURABLE_PAGE_CAPTURE_EXISTING_REVIEW_LOCATORS_RECONCILED_AND_SOURCE_STATUS_RECONFIRMED
34,DURABLE_RECAPTURE_PAGE,SRC-MGB-PAGE-0017,Trailer and Dolly Coupling,https://www.mygroundbiz.com/en/vehicles-fuel/vehicle-regulations/trailer-and-dolly-coupling,WAVE_0_DURABLE_RECAPTURE,SOURCE_IS_FULLY_REVIEWED_BUT_HAS_NO_DURABLE_LOCAL_CAPTURE; preserve underlying evidence before lower-priority acquisition; existing authority status and mappings remain unchanged until reconciliation,,,,KNO-LH-COUPLING-BASIC-001,TAX-COUPLING;TAX-DOT;TAX-LINEHAUL;TAX-VEHICLE-SAFETY,REVIEWED_DURABLE_CAPTURE_OPEN,SOURCE_INVENTORY_REVIEW_STATUS=FULLY_REVIEWED;LOCAL_ARCHIVE_PATH=EMPTY,AUTHENTICATED_DURABLE_CAPTURE_COMPLETE_PAGE_AND_RECONCILE_REVIEW_ARTIFACT,DURABLE_PAGE_CAPTURE_EXISTING_REVIEW_LOCATORS_RECONCILED_AND_SOURCE_STATUS_RECONFIRMED
35,DURABLE_RECAPTURE_PAGE,SRC-MGB-PAGE-0022,California P&D 90-Day Periodic Inspections,https://www.mygroundbiz.com/en/vehicles-fuel/state-regulations/pd-90-day-periodic-inspections,WAVE_0_DURABLE_RECAPTURE,SOURCE_IS_FULLY_REVIEWED_BUT_HAS_NO_DURABLE_LOCAL_CAPTURE; preserve underlying evidence before lower-priority acquisition; existing authority status and mappings remain unchanged until reconciliation,,,,KNO-VEH-CA-90DAY-INSPECTION-001,TAX-DOT;TAX-INSPECTION;TAX-VEHICLE-SAFETY,REVIEWED_DURABLE_CAPTURE_OPEN,SOURCE_INVENTORY_REVIEW_STATUS=FULLY_REVIEWED;LOCAL_ARCHIVE_PATH=EMPTY,AUTHENTICATED_DURABLE_CAPTURE_COMPLETE_PAGE_AND_RECONCILE_REVIEW_ARTIFACT,DURABLE_PAGE_CAPTURE_EXISTING_REVIEW_LOCATORS_RECONCILED_AND_SOURCE_STATUS_RECONFIRMED
36,SAFETY_DOCUMENT,MGB-SAFETY-TOPIC-0003,Changing lanes,https://www.mygroundbiz.com/-/media/FXGMGB/docs/Safety/FY26-VSM/CHANGING-LANESVSM072026ENGFINAL.ashx,WAVE_1_DIRECT_DOCUMENT_ACQUISITION,DIRECT_DOCUMENT_URL_CAPTURED_FROM_EXPANDED_LIBRARY; acquire while authentication is live; title is discovery metadata only,,,,,,UNACQUIRED_OPEN,SAFETY_BACKLOG_STATUS=OPEN;SOURCE_INVENTORY_STATUS=NOT_CREATED,DOWNLOAD_ARCHIVE_HASH_AND_RECORD_PAGE_COUNT,PRIMARY_SOURCE_ROW_CHECKSUM_COMPLETE_PAGE_REVIEW_AND_REFERENCE_INVENTORY
37,SAFETY_DOCUMENT,MGB-SAFETY-TOPIC-0004,Aggressive driving,https://www.mygroundbiz.com/-/media/FXGMGB/docs/Safety/FY26-VSM/AGGRESSIVE-DRIVINGVSM071326ENG.ashx,WAVE_1_DIRECT_DOCUMENT_ACQUISITION,DIRECT_DOCUMENT_URL_CAPTURED_FROM_EXPANDED_LIBRARY; acquire while authentication is live; title is discovery metadata only,,,,,,UNACQUIRED_OPEN,SAFETY_BACKLOG_STATUS=OPEN;SOURCE_INVENTORY_STATUS=NOT_CREATED,DOWNLOAD_ARCHIVE_HASH_AND_RECORD_PAGE_COUNT,PRIMARY_SOURCE_ROW_CHECKSUM_COMPLETE_PAGE_REVIEW_AND_REFERENCE_INVENTORY
38,SAFETY_DOCUMENT,MGB-SAFETY-TOPIC-0005,Speed | Ops Safe Driver Week,https://www.mygroundbiz.com/-/media/FXGMGB/docs/Safety/FY26-VSM/SPEEDVSM070626-FINAL.ashx,WAVE_1_DIRECT_DOCUMENT_ACQUISITION,DIRECT_DOCUMENT_URL_CAPTURED_FROM_EXPANDED_LIBRARY; acquire while authentication is live; title is discovery metadata only,,,,,,UNACQUIRED_OPEN,SAFETY_BACKLOG_STATUS=OPEN;SOURCE_INVENTORY_STATUS=NOT_CREATED,DOWNLOAD_ARCHIVE_HASH_AND_RECORD_PAGE_COUNT,PRIMARY_SOURCE_ROW_CHECKSUM_COMPLETE_PAGE_REVIEW_AND_REFERENCE_INVENTORY
39,SAFETY_DOCUMENT,MGB-SAFETY-TOPIC-0006,Summer holidays and traffic,https://www.mygroundbiz.com/-/media/FXGMGB/docs/Safety/FY26-VSM/Summer-and-Holiday-Traffic-VSM-062926ENG.ashx,WAVE_1_DIRECT_DOCUMENT_ACQUISITION,DIRECT_DOCUMENT_URL_CAPTURED_FROM_EXPANDED_LIBRARY; acquire while authentication is live; title is discovery metadata only,,,,,,UNACQUIRED_OPEN,SAFETY_BACKLOG_STATUS=OPEN;SOURCE_INVENTORY_STATUS=NOT_CREATED,DOWNLOAD_ARCHIVE_HASH_AND_RECORD_PAGE_COUNT,PRIMARY_SOURCE_ROW_CHECKSUM_COMPLETE_PAGE_REVIEW_AND_REFERENCE_INVENTORY
40,SAFETY_DOCUMENT,MGB-SAFETY-TOPIC-0007,Summer adverse weather,https://www.mygroundbiz.com/-/media/FXGMGB/docs/Safety/FY26-VSM/SUMMER-ADVERSE-WEATHERVSM62226ENG.ashx,WAVE_1_DIRECT_DOCUMENT_ACQUISITION,DIRECT_DOCUMENT_URL_CAPTURED_FROM_EXPANDED_LIBRARY; acquire while authentication is live; title is discovery metadata only,,,,,,UNACQUIRED_OPEN,SAFETY_BACKLOG_STATUS=OPEN;SOURCE_INVENTORY_STATUS=NOT_CREATED,DOWNLOAD_ARCHIVE_HASH_AND_RECORD_PAGE_COUNT,PRIMARY_SOURCE_ROW_CHECKSUM_COMPLETE_PAGE_REVIEW_AND_REFERENCE_INVENTORY
41,SAFETY_DOCUMENT,MGB-SAFETY-TOPIC-0008,Work zone awareness,https://www.mygroundbiz.com/-/media/FXGMGB/docs/Safety/FY26-VSM/Work-Zone-AwarenessVSM061526ENFINAL.ashx,WAVE_1_DIRECT_DOCUMENT_ACQUISITION,DIRECT_DOCUMENT_URL_CAPTURED_FROM_EXPANDED_LIBRARY; acquire while authentication is live; title is discovery metadata only,,,,,,UNACQUIRED_OPEN,SAFETY_BACKLOG_STATUS=OPEN;SOURCE_INVENTORY_STATUS=NOT_CREATED,DOWNLOAD_ARCHIVE_HASH_AND_RECORD_PAGE_COUNT,PRIMARY_SOURCE_ROW_CHECKSUM_COMPLETE_PAGE_REVIEW_AND_REFERENCE_INVENTORY
42,SAFETY_DOCUMENT,MGB-SAFETY-TOPIC-0009,Cognitive distraction,https://www.mygroundbiz.com/-/media/FXGMGB/docs/Safety/FY26-VSM/COGNITIVE-DISTRACTION-VSM-060925ENG.ashx,WAVE_1_DIRECT_DOCUMENT_ACQUISITION,DIRECT_DOCUMENT_URL_CAPTURED_FROM_EXPANDED_LIBRARY; acquire while authentication is live; title is discovery metadata only,,,,,,UNACQUIRED_OPEN,SAFETY_BACKLOG_STATUS=OPEN;SOURCE_INVENTORY_STATUS=NOT_CREATED,DOWNLOAD_ARCHIVE_HASH_AND_RECORD_PAGE_COUNT,PRIMARY_SOURCE_ROW_CHECKSUM_COMPLETE_PAGE_REVIEW_AND_REFERENCE_INVENTORY
43,SAFETY_DOCUMENT,MGB-SAFETY-TOPIC-0010,Summer and seat belts,https://www.mygroundbiz.com/-/media/FXGMGB/docs/Safety/FY26-VSM/Summer-SafetySeat-BeltsVSM060126FINAL.ashx,WAVE_1_DIRECT_DOCUMENT_ACQUISITION,DIRECT_DOCUMENT_URL_CAPTURED_FROM_EXPANDED_LIBRARY; acquire while authentication is live; title is discovery metadata only,,,,,,UNACQUIRED_OPEN,SAFETY_BACKLOG_STATUS=OPEN;SOURCE_INVENTORY_STATUS=NOT_CREATED,DOWNLOAD_ARCHIVE_HASH_AND_RECORD_PAGE_COUNT,PRIMARY_SOURCE_ROW_CHECKSUM_COMPLETE_PAGE_REVIEW_AND_REFERENCE_INVENTORY
44,SAFETY_DOCUMENT,MGB-SAFETY-TOPIC-0011,Fog,https://www.mygroundbiz.com/-/media/FXGMGB/docs/Safety/FY26-VSM/FOGVSM52526ENG-FINAL.ashx,WAVE_1_DIRECT_DOCUMENT_ACQUISITION,DIRECT_DOCUMENT_URL_CAPTURED_FROM_EXPANDED_LIBRARY; acquire while authentication is live; title is discovery metadata only,,,,,,UNACQUIRED_OPEN,SAFETY_BACKLOG_STATUS=OPEN;SOURCE_INVENTORY_STATUS=NOT_CREATED,DOWNLOAD_ARCHIVE_HASH_AND_RECORD_PAGE_COUNT,PRIMARY_SOURCE_ROW_CHECKSUM_COMPLETE_PAGE_REVIEW_AND_REFERENCE_INVENTORY
45,SAFETY_DOCUMENT,MGB-SAFETY-TOPIC-0012,Motorcycle awareness,https://www.mygroundbiz.com/-/media/FXGMGB/docs/Safety/FY26-VSM/MOTORCYCLE-AWARENESSENGVSM051826FINAL.ashx,WAVE_1_DIRECT_DOCUMENT_ACQUISITION,DIRECT_DOCUMENT_URL_CAPTURED_FROM_EXPANDED_LIBRARY; acquire while authentication is live; title is discovery metadata only,,,,,,UNACQUIRED_OPEN,SAFETY_BACKLOG_STATUS=OPEN;SOURCE_INVENTORY_STATUS=NOT_CREATED,DOWNLOAD_ARCHIVE_HASH_AND_RECORD_PAGE_COUNT,PRIMARY_SOURCE_ROW_CHECKSUM_COMPLETE_PAGE_REVIEW_AND_REFERENCE_INVENTORY
46,SAFETY_DOCUMENT,MGB-SAFETY-TOPIC-0013,Road Rage De-escalation,https://www.mygroundbiz.com/-/media/FXGMGB/docs/Safety/FY26-VSM/Road-Rage-DeEscalationSafetyTopic51126ENGFINAL.ashx,WAVE_1_DIRECT_DOCUMENT_ACQUISITION,DIRECT_DOCUMENT_URL_CAPTURED_FROM_EXPANDED_LIBRARY; acquire while authentication is live; title is discovery metadata only,,,,,,UNACQUIRED_OPEN,SAFETY_BACKLOG_STATUS=OPEN;SOURCE_INVENTORY_STATUS=NOT_CREATED,DOWNLOAD_ARCHIVE_HASH_AND_RECORD_PAGE_COUNT,PRIMARY_SOURCE_ROW_CHECKSUM_COMPLETE_PAGE_REVIEW_AND_REFERENCE_INVENTORY
47,SAFETY_DOCUMENT,MGB-SAFETY-TOPIC-0014,CVSA international roadcheck,https://www.mygroundbiz.com/-/media/FXGMGB/docs/Safety/FY26-VSM/CVSA-Intl-Roadcheck-050426VSMENGFINAL.ashx,WAVE_1_DIRECT_DOCUMENT_ACQUISITION,DIRECT_DOCUMENT_URL_CAPTURED_FROM_EXPANDED_LIBRARY; acquire while authentication is live; title is discovery metadata only,,,,,,UNACQUIRED_OPEN,SAFETY_BACKLOG_STATUS=OPEN;SOURCE_INVENTORY_STATUS=NOT_CREATED,DOWNLOAD_ARCHIVE_HASH_AND_RECORD_PAGE_COUNT,PRIMARY_SOURCE_ROW_CHECKSUM_COMPLETE_PAGE_REVIEW_AND_REFERENCE_INVENTORY
48,SAFETY_DOCUMENT,MGB-SAFETY-TOPIC-0015,Rear-end collisions,https://www.mygroundbiz.com/-/media/FXGMGB/docs/Safety/FY26-VSM/Rear-End-Collisions-4_27_26_EN.ashx,WAVE_1_DIRECT_DOCUMENT_ACQUISITION,DIRECT_DOCUMENT_URL_CAPTURED_FROM_EXPANDED_LIBRARY; acquire while authentication is live; title is discovery metadata only,,,,,,UNACQUIRED_OPEN,SAFETY_BACKLOG_STATUS=OPEN;SOURCE_INVENTORY_STATUS=NOT_CREATED,DOWNLOAD_ARCHIVE_HASH_AND_RECORD_PAGE_COUNT,PRIMARY_SOURCE_ROW_CHECKSUM_COMPLETE_PAGE_REVIEW_AND_REFERENCE_INVENTORY
49,SAFETY_DOCUMENT,MGB-SAFETY-TOPIC-0016,Backing,https://www.mygroundbiz.com/-/media/FXGMGB/docs/Safety/FY26-VSM/BACKING-PDVSM042026EN.ashx,WAVE_1_DIRECT_DOCUMENT_ACQUISITION,DIRECT_DOCUMENT_URL_CAPTURED_FROM_EXPANDED_LIBRARY; acquire while authentication is live; title is discovery metadata only,,,,,,UNACQUIRED_OPEN,SAFETY_BACKLOG_STATUS=OPEN;SOURCE_INVENTORY_STATUS=NOT_CREATED,DOWNLOAD_ARCHIVE_HASH_AND_RECORD_PAGE_COUNT,PRIMARY_SOURCE_ROW_CHECKSUM_COMPLETE_PAGE_REVIEW_AND_REFERENCE_INVENTORY
50,SAFETY_DOCUMENT,MGB-SAFETY-TOPIC-0017,Wildlife Awareness,https://www.mygroundbiz.com/-/media/FXGMGB/docs/Safety/FY26-VSM/WILDLIFE-AWARENESSVSM042026EN.ashx,WAVE_1_DIRECT_DOCUMENT_ACQUISITION,DIRECT_DOCUMENT_URL_CAPTURED_FROM_EXPANDED_LIBRARY; acquire while authentication is live; title is discovery metadata only,,,,,,UNACQUIRED_OPEN,SAFETY_BACKLOG_STATUS=OPEN;SOURCE_INVENTORY_STATUS=NOT_CREATED,DOWNLOAD_ARCHIVE_HASH_AND_RECORD_PAGE_COUNT,PRIMARY_SOURCE_ROW_CHECKSUM_COMPLETE_PAGE_REVIEW_AND_REFERENCE_INVENTORY
51,SAFETY_DOCUMENT,MGB-SAFETY-TOPIC-0018,Work zone awareness,https://www.mygroundbiz.com/-/media/FXGMGB/docs/Safety/FY26-VSM/Work-Zone-AwarenessVSM041326EN.ashx,WAVE_1_DIRECT_DOCUMENT_ACQUISITION,DIRECT_DOCUMENT_URL_CAPTURED_FROM_EXPANDED_LIBRARY; acquire while authentication is live; title is discovery metadata only,,,,,,UNACQUIRED_OPEN,SAFETY_BACKLOG_STATUS=OPEN;SOURCE_INVENTORY_STATUS=NOT_CREATED,DOWNLOAD_ARCHIVE_HASH_AND_RECORD_PAGE_COUNT,PRIMARY_SOURCE_ROW_CHECKSUM_COMPLETE_PAGE_REVIEW_AND_REFERENCE_INVENTORY
52,SAFETY_DOCUMENT,MGB-SAFETY-TOPIC-0020,Rollovers,https://www.mygroundbiz.com/-/media/FXGMGB/docs/Safety/FY26-VSM/ROLLOVERSLHVSM040626EN.ashx,WAVE_1_DIRECT_DOCUMENT_ACQUISITION,DIRECT_DOCUMENT_URL_CAPTURED_FROM_EXPANDED_LIBRARY; acquire while authentication is live; title is discovery metadata only,,,,,,UNACQUIRED_OPEN,SAFETY_BACKLOG_STATUS=OPEN;SOURCE_INVENTORY_STATUS=NOT_CREATED,DOWNLOAD_ARCHIVE_HASH_AND_RECORD_PAGE_COUNT,PRIMARY_SOURCE_ROW_CHECKSUM_COMPLETE_PAGE_REVIEW_AND_REFERENCE_INVENTORY
53,SAFETY_DOCUMENT,MGB-SAFETY-TOPIC-0021,Distracted driving,https://www.mygroundbiz.com/-/media/FXGMGB/docs/Safety/FY26-VSM/Distracted-DrivingVSM33026ENG.ashx,WAVE_1_DIRECT_DOCUMENT_ACQUISITION,DIRECT_DOCUMENT_URL_CAPTURED_FROM_EXPANDED_LIBRARY; acquire while authentication is live; title is discovery metadata only,,,,,,UNACQUIRED_OPEN,SAFETY_BACKLOG_STATUS=OPEN;SOURCE_INVENTORY_STATUS=NOT_CREATED,DOWNLOAD_ARCHIVE_HASH_AND_RECORD_PAGE_COUNT,PRIMARY_SOURCE_ROW_CHECKSUM_COMPLETE_PAGE_REVIEW_AND_REFERENCE_INVENTORY
54,SAFETY_DOCUMENT,MGB-SAFETY-TOPIC-0022,Changing lanes,https://www.mygroundbiz.com/-/media/FXGMGB/docs/Safety/FY26-VSM/CHANGING-LANESVSM032326ENGFINAL.ashx,WAVE_1_DIRECT_DOCUMENT_ACQUISITION,DIRECT_DOCUMENT_URL_CAPTURED_FROM_EXPANDED_LIBRARY; acquire while authentication is live; title is discovery metadata only,,,,,,UNACQUIRED_OPEN,SAFETY_BACKLOG_STATUS=OPEN;SOURCE_INVENTORY_STATUS=NOT_CREATED,DOWNLOAD_ARCHIVE_HASH_AND_RECORD_PAGE_COUNT,PRIMARY_SOURCE_ROW_CHECKSUM_COMPLETE_PAGE_REVIEW_AND_REFERENCE_INVENTORY
55,SAFETY_DOCUMENT,MGB-SAFETY-TOPIC-0023,Seat belts,https://www.mygroundbiz.com/-/media/FXGMGB/docs/Safety/FY26-VSM/SEAT-BELTSVSM03162026ENG.ashx,WAVE_1_DIRECT_DOCUMENT_ACQUISITION,DIRECT_DOCUMENT_URL_CAPTURED_FROM_EXPANDED_LIBRARY; acquire while authentication is live; title is discovery metadata only,,,,,,UNACQUIRED_OPEN,SAFETY_BACKLOG_STATUS=OPEN;SOURCE_INVENTORY_STATUS=NOT_CREATED,DOWNLOAD_ARCHIVE_HASH_AND_RECORD_PAGE_COUNT,PRIMARY_SOURCE_ROW_CHECKSUM_COMPLETE_PAGE_REVIEW_AND_REFERENCE_INVENTORY
56,SAFETY_DOCUMENT,MGB-SAFETY-TOPIC-0024,Driving drowsy,https://www.mygroundbiz.com/-/media/FXGMGB/docs/Safety/FY26-VSM/DROWSY-DRIVINGVSM392026ENG.ashx,WAVE_1_DIRECT_DOCUMENT_ACQUISITION,DIRECT_DOCUMENT_URL_CAPTURED_FROM_EXPANDED_LIBRARY; acquire while authentication is live; title is discovery metadata only,,,,,,UNACQUIRED_OPEN,SAFETY_BACKLOG_STATUS=OPEN;SOURCE_INVENTORY_STATUS=NOT_CREATED,DOWNLOAD_ARCHIVE_HASH_AND_RECORD_PAGE_COUNT,PRIMARY_SOURCE_ROW_CHECKSUM_COMPLETE_PAGE_REVIEW_AND_REFERENCE_INVENTORY
57,SAFETY_DOCUMENT,MGB-SAFETY-TOPIC-0025,Driving in fog,https://www.mygroundbiz.com/-/media/FXGMGB/docs/Safety/FY26-VSM/FOGVSM3226ENG-FINAL.ashx,WAVE_1_DIRECT_DOCUMENT_ACQUISITION,DIRECT_DOCUMENT_URL_CAPTURED_FROM_EXPANDED_LIBRARY; acquire while authentication is live; title is discovery metadata only,,,,,,UNACQUIRED_OPEN,SAFETY_BACKLOG_STATUS=OPEN;SOURCE_INVENTORY_STATUS=NOT_CREATED,DOWNLOAD_ARCHIVE_HASH_AND_RECORD_PAGE_COUNT,PRIMARY_SOURCE_ROW_CHECKSUM_COMPLETE_PAGE_REVIEW_AND_REFERENCE_INVENTORY
58,SAFETY_DOCUMENT,MGB-SAFETY-TOPIC-0026,Speed,https://www.mygroundbiz.com/-/media/FXGMGB/docs/Safety/FY26-VSM/SPEEDVSM22326ENG.ashx,WAVE_1_DIRECT_DOCUMENT_ACQUISITION,DIRECT_DOCUMENT_URL_CAPTURED_FROM_EXPANDED_LIBRARY; acquire while authentication is live; title is discovery metadata only,,,,,,UNACQUIRED_OPEN,SAFETY_BACKLOG_STATUS=OPEN;SOURCE_INVENTORY_STATUS=NOT_CREATED,DOWNLOAD_ARCHIVE_HASH_AND_RECORD_PAGE_COUNT,PRIMARY_SOURCE_ROW_CHECKSUM_COMPLETE_PAGE_REVIEW_AND_REFERENCE_INVENTORY
59,SAFETY_DOCUMENT,MGB-SAFETY-TOPIC-0027,Railroad intersections,https://www.mygroundbiz.com/-/media/FXGMGB/docs/Safety/FY26-VSM/PD-RAILROAD-SAFETY-INTERSECTIONSVSM022326ENG.ashx,WAVE_1_DIRECT_DOCUMENT_ACQUISITION,DIRECT_DOCUMENT_URL_CAPTURED_FROM_EXPANDED_LIBRARY; acquire while authentication is live; title is discovery metadata only,,,,,,UNACQUIRED_OPEN,SAFETY_BACKLOG_STATUS=OPEN;SOURCE_INVENTORY_STATUS=NOT_CREATED,DOWNLOAD_ARCHIVE_HASH_AND_RECORD_PAGE_COUNT,PRIMARY_SOURCE_ROW_CHECKSUM_COMPLETE_PAGE_REVIEW_AND_REFERENCE_INVENTORY
60,SAFETY_DOCUMENT,MGB-SAFETY-TOPIC-0028,Human trafficking awareness,https://www.mygroundbiz.com/-/media/FXGMGB/docs/Safety/FY26-VSM/Human-Trafficking-VSM21626ENG.ashx,WAVE_1_DIRECT_DOCUMENT_ACQUISITION,DIRECT_DOCUMENT_URL_CAPTURED_FROM_EXPANDED_LIBRARY; acquire while authentication is live; title is discovery metadata only,,,,,,UNACQUIRED_OPEN,SAFETY_BACKLOG_STATUS=OPEN;SOURCE_INVENTORY_STATUS=NOT_CREATED,DOWNLOAD_ARCHIVE_HASH_AND_RECORD_PAGE_COUNT,PRIMARY_SOURCE_ROW_CHECKSUM_COMPLETE_PAGE_REVIEW_AND_REFERENCE_INVENTORY
61,SAFETY_DOCUMENT,MGB-SAFETY-TOPIC-0029,Aggressive driving,https://www.mygroundbiz.com/-/media/FXGMGB/docs/Safety/FY26-VSM/AGGRESSIVE-DRIVINGVSM020926ENG.ashx,WAVE_1_DIRECT_DOCUMENT_ACQUISITION,DIRECT_DOCUMENT_URL_CAPTURED_FROM_EXPANDED_LIBRARY; acquire while authentication is live; title is discovery metadata only,,,,,,UNACQUIRED_OPEN,SAFETY_BACKLOG_STATUS=OPEN;SOURCE_INVENTORY_STATUS=NOT_CREATED,DOWNLOAD_ARCHIVE_HASH_AND_RECORD_PAGE_COUNT,PRIMARY_SOURCE_ROW_CHECKSUM_COMPLETE_PAGE_REVIEW_AND_REFERENCE_INVENTORY
62,SAFETY_DOCUMENT,MGB-SAFETY-TOPIC-0030,Work Zone Awareness,https://www.mygroundbiz.com/-/media/FXGMGB/docs/Safety/FY26-VSM/Work-Zone-AwarenessVSM020826EN.ashx,WAVE_1_DIRECT_DOCUMENT_ACQUISITION,DIRECT_DOCUMENT_URL_CAPTURED_FROM_EXPANDED_LIBRARY; acquire while authentication is live; title is discovery metadata only,,,,,,UNACQUIRED_OPEN,SAFETY_BACKLOG_STATUS=OPEN;SOURCE_INVENTORY_STATUS=NOT_CREATED,DOWNLOAD_ARCHIVE_HASH_AND_RECORD_PAGE_COUNT,PRIMARY_SOURCE_ROW_CHECKSUM_COMPLETE_PAGE_REVIEW_AND_REFERENCE_INVENTORY
63,SAFETY_DOCUMENT,MGB-SAFETY-TOPIC-0031,Large packages,https://www.mygroundbiz.com/-/media/FXGMGB/docs/Safety/FY26-VSM/Large-PackagesPDVSM012626ENGFINAL.ashx,WAVE_1_DIRECT_DOCUMENT_ACQUISITION,DIRECT_DOCUMENT_URL_CAPTURED_FROM_EXPANDED_LIBRARY; acquire while authentication is live; title is discovery metadata only,,,,,,UNACQUIRED_OPEN,SAFETY_BACKLOG_STATUS=OPEN;SOURCE_INVENTORY_STATUS=NOT_CREATED,DOWNLOAD_ARCHIVE_HASH_AND_RECORD_PAGE_COUNT,PRIMARY_SOURCE_ROW_CHECKSUM_COMPLETE_PAGE_REVIEW_AND_REFERENCE_INVENTORY
64,SAFETY_DOCUMENT,MGB-SAFETY-TOPIC-0032,Vehicle maintenance,https://www.mygroundbiz.com/-/media/FXGMGB/docs/Safety/FY26-VSM/LH-VEHICLE-MAINTENANCE-USCANVSM12626-FINAL.ashx,WAVE_1_DIRECT_DOCUMENT_ACQUISITION,DIRECT_DOCUMENT_URL_CAPTURED_FROM_EXPANDED_LIBRARY; acquire while authentication is live; title is discovery metadata only,,,,,,UNACQUIRED_OPEN,SAFETY_BACKLOG_STATUS=OPEN;SOURCE_INVENTORY_STATUS=NOT_CREATED,DOWNLOAD_ARCHIVE_HASH_AND_RECORD_PAGE_COUNT,PRIMARY_SOURCE_ROW_CHECKSUM_COMPLETE_PAGE_REVIEW_AND_REFERENCE_INVENTORY
65,SAFETY_DOCUMENT,MGB-SAFETY-TOPIC-0033,Distracted driving,https://www.mygroundbiz.com/-/media/FXGMGB/docs/Safety/FY26-VSM/Distracted-DrivingVSM11926ENG.ashx,WAVE_1_DIRECT_DOCUMENT_ACQUISITION,DIRECT_DOCUMENT_URL_CAPTURED_FROM_EXPANDED_LIBRARY; acquire while authentication is live; title is discovery metadata only,,,,,,UNACQUIRED_OPEN,SAFETY_BACKLOG_STATUS=OPEN;SOURCE_INVENTORY_STATUS=NOT_CREATED,DOWNLOAD_ARCHIVE_HASH_AND_RECORD_PAGE_COUNT,PRIMARY_SOURCE_ROW_CHECKSUM_COMPLETE_PAGE_REVIEW_AND_REFERENCE_INVENTORY
66,SAFETY_DOCUMENT,MGB-SAFETY-TOPIC-0034,Human trafficking,https://www.mygroundbiz.com/-/media/FXGMGB/docs/Safety/FY26-VSM/Human-Trafficking-VSM11226ENG.ashx,WAVE_1_DIRECT_DOCUMENT_ACQUISITION,DIRECT_DOCUMENT_URL_CAPTURED_FROM_EXPANDED_LIBRARY; acquire while authentication is live; title is discovery metadata only,,,,,,UNACQUIRED_OPEN,SAFETY_BACKLOG_STATUS=OPEN;SOURCE_INVENTORY_STATUS=NOT_CREATED,DOWNLOAD_ARCHIVE_HASH_AND_RECORD_PAGE_COUNT,PRIMARY_SOURCE_ROW_CHECKSUM_COMPLETE_PAGE_REVIEW_AND_REFERENCE_INVENTORY
67,SAFETY_DOCUMENT,MGB-SAFETY-TOPIC-0035,Adverse weather - winter,https://www.mygroundbiz.com/-/media/FXGMGB/docs/Safety/FY26-VSM/AdverseWeatherVSM152026EN.ashx,WAVE_1_DIRECT_DOCUMENT_ACQUISITION,DIRECT_DOCUMENT_URL_CAPTURED_FROM_EXPANDED_LIBRARY; acquire while authentication is live; title is discovery metadata only,,,,,,UNACQUIRED_OPEN,SAFETY_BACKLOG_STATUS=OPEN;SOURCE_INVENTORY_STATUS=NOT_CREATED,DOWNLOAD_ARCHIVE_HASH_AND_RECORD_PAGE_COUNT,PRIMARY_SOURCE_ROW_CHECKSUM_COMPLETE_PAGE_REVIEW_AND_REFERENCE_INVENTORY
68,SAFETY_DOCUMENT,MGB-SAFETY-TOPIC-0036,Sideswipe collisions,https://www.mygroundbiz.com/-/media/FXGMGB/docs/Safety/FY26-VSM/SIDESWIPEVSM122925-ENG.ashx,WAVE_1_DIRECT_DOCUMENT_ACQUISITION,DIRECT_DOCUMENT_URL_CAPTURED_FROM_EXPANDED_LIBRARY; acquire while authentication is live; title is discovery metadata only,,,,,,UNACQUIRED_OPEN,SAFETY_BACKLOG_STATUS=OPEN;SOURCE_INVENTORY_STATUS=NOT_CREATED,DOWNLOAD_ARCHIVE_HASH_AND_RECORD_PAGE_COUNT,PRIMARY_SOURCE_ROW_CHECKSUM_COMPLETE_PAGE_REVIEW_AND_REFERENCE_INVENTORY
69,SAFETY_DOCUMENT,MGB-SAFETY-TOPIC-0037,Holiday Traffic - US,https://www.mygroundbiz.com/-/media/FXGMGB/docs/Safety/FY26-VSM/HOLIDAY-TRAFFICVSM122225-ENG-US.ashx,WAVE_1_DIRECT_DOCUMENT_ACQUISITION,DIRECT_DOCUMENT_URL_CAPTURED_FROM_EXPANDED_LIBRARY; acquire while authentication is live; title is discovery metadata only,,,,,,UNACQUIRED_OPEN,SAFETY_BACKLOG_STATUS=OPEN;SOURCE_INVENTORY_STATUS=NOT_CREATED,DOWNLOAD_ARCHIVE_HASH_AND_RECORD_PAGE_COUNT,PRIMARY_SOURCE_ROW_CHECKSUM_COMPLETE_PAGE_REVIEW_AND_REFERENCE_INVENTORY
70,SAFETY_DOCUMENT,MGB-SAFETY-TOPIC-0038,Holiday Traffic - Canada,https://www.mygroundbiz.com/-/media/FXGMGB/docs/Safety/FY26-VSM/HOLIDAY-TRAFFICVSM122225-ENG-CANADA.ashx,WAVE_1_DIRECT_DOCUMENT_ACQUISITION,DIRECT_DOCUMENT_URL_CAPTURED_FROM_EXPANDED_LIBRARY; acquire while authentication is live; title is discovery metadata only,,,,,,UNACQUIRED_OPEN,SAFETY_BACKLOG_STATUS=OPEN;SOURCE_INVENTORY_STATUS=NOT_CREATED,DOWNLOAD_ARCHIVE_HASH_AND_RECORD_PAGE_COUNT,PRIMARY_SOURCE_ROW_CHECKSUM_COMPLETE_PAGE_REVIEW_AND_REFERENCE_INVENTORY
71,SAFETY_DOCUMENT,MGB-SAFETY-TOPIC-0039,Driveway safety,https://www.mygroundbiz.com/-/media/FXGMGB/docs/Safety/FY26-VSM/PD-Driveway-Safety-12_15_25-EN.ashx,WAVE_1_DIRECT_DOCUMENT_ACQUISITION,DIRECT_DOCUMENT_URL_CAPTURED_FROM_EXPANDED_LIBRARY; acquire while authentication is live; title is discovery metadata only,,,,,,UNACQUIRED_OPEN,SAFETY_BACKLOG_STATUS=OPEN;SOURCE_INVENTORY_STATUS=NOT_CREATED,DOWNLOAD_ARCHIVE_HASH_AND_RECORD_PAGE_COUNT,PRIMARY_SOURCE_ROW_CHECKSUM_COMPLETE_PAGE_REVIEW_AND_REFERENCE_INVENTORY
72,SAFETY_DOCUMENT,MGB-SAFETY-TOPIC-0040,Rollovers,https://www.mygroundbiz.com/-/media/FXGMGB/docs/Safety/FY26-VSM/ROLLOVERSLHVSM121525EN.ashx,WAVE_1_DIRECT_DOCUMENT_ACQUISITION,DIRECT_DOCUMENT_URL_CAPTURED_FROM_EXPANDED_LIBRARY; acquire while authentication is live; title is discovery metadata only,,,,,,UNACQUIRED_OPEN,SAFETY_BACKLOG_STATUS=OPEN;SOURCE_INVENTORY_STATUS=NOT_CREATED,DOWNLOAD_ARCHIVE_HASH_AND_RECORD_PAGE_COUNT,PRIMARY_SOURCE_ROW_CHECKSUM_COMPLETE_PAGE_REVIEW_AND_REFERENCE_INVENTORY
73,SAFETY_DOCUMENT,MGB-SAFETY-TOPIC-0041,Wildlife awareness,https://www.mygroundbiz.com/-/media/FXGMGB/docs/Safety/FY26-VSM/WILDLIFE-AWARENESSVSM12825EN.ashx,WAVE_1_DIRECT_DOCUMENT_ACQUISITION,DIRECT_DOCUMENT_URL_CAPTURED_FROM_EXPANDED_LIBRARY; acquire while authentication is live; title is discovery metadata only,,,,,,UNACQUIRED_OPEN,SAFETY_BACKLOG_STATUS=OPEN;SOURCE_INVENTORY_STATUS=NOT_CREATED,DOWNLOAD_ARCHIVE_HASH_AND_RECORD_PAGE_COUNT,PRIMARY_SOURCE_ROW_CHECKSUM_COMPLETE_PAGE_REVIEW_AND_REFERENCE_INVENTORY
74,SAFETY_DOCUMENT,MGB-SAFETY-TOPIC-0042,Adverse weather,https://www.mygroundbiz.com/-/media/FXGMGB/docs/Safety/FY26-VSM/ADVERSE-WEATHERVSM1212025ENG.ashx,WAVE_1_DIRECT_DOCUMENT_ACQUISITION,DIRECT_DOCUMENT_URL_CAPTURED_FROM_EXPANDED_LIBRARY; acquire while authentication is live; title is discovery metadata only,,,,,,UNACQUIRED_OPEN,SAFETY_BACKLOG_STATUS=OPEN;SOURCE_INVENTORY_STATUS=NOT_CREATED,DOWNLOAD_ARCHIVE_HASH_AND_RECORD_PAGE_COUNT,PRIMARY_SOURCE_ROW_CHECKSUM_COMPLETE_PAGE_REVIEW_AND_REFERENCE_INVENTORY
75,SAFETY_DOCUMENT,MGB-SAFETY-TOPIC-0043,Backing,https://www.mygroundbiz.com/-/media/FXGMGB/docs/Safety/FY26-VSM/BACKING-PDVSM112425EN.ashx,WAVE_1_DIRECT_DOCUMENT_ACQUISITION,DIRECT_DOCUMENT_URL_CAPTURED_FROM_EXPANDED_LIBRARY; acquire while authentication is live; title is discovery metadata only,,,,,,UNACQUIRED_OPEN,SAFETY_BACKLOG_STATUS=OPEN;SOURCE_INVENTORY_STATUS=NOT_CREATED,DOWNLOAD_ARCHIVE_HASH_AND_RECORD_PAGE_COUNT,PRIMARY_SOURCE_ROW_CHECKSUM_COMPLETE_PAGE_REVIEW_AND_REFERENCE_INVENTORY
76,SAFETY_DOCUMENT,MGB-SAFETY-TOPIC-0044,Excessive speed,https://www.mygroundbiz.com/-/media/FXGMGB/docs/Safety/FY26-VSM/SPEEDVSM111725ENG-1.ashx,WAVE_1_DIRECT_DOCUMENT_ACQUISITION,DIRECT_DOCUMENT_URL_CAPTURED_FROM_EXPANDED_LIBRARY; acquire while authentication is live; title is discovery metadata only,,,,,,UNACQUIRED_OPEN,SAFETY_BACKLOG_STATUS=OPEN;SOURCE_INVENTORY_STATUS=NOT_CREATED,DOWNLOAD_ARCHIVE_HASH_AND_RECORD_PAGE_COUNT,PRIMARY_SOURCE_ROW_CHECKSUM_COMPLETE_PAGE_REVIEW_AND_REFERENCE_INVENTORY
77,SAFETY_DOCUMENT,MGB-SAFETY-TOPIC-0045,Seat belts save lives,https://www.mygroundbiz.com/-/media/FXGMGB/docs/Safety/FY26-VSM/SEAT-BELTSVSM11102025ENG.ashx,WAVE_1_DIRECT_DOCUMENT_ACQUISITION,DIRECT_DOCUMENT_URL_CAPTURED_FROM_EXPANDED_LIBRARY; acquire while authentication is live; title is discovery metadata only,,,,,,UNACQUIRED_OPEN,SAFETY_BACKLOG_STATUS=OPEN;SOURCE_INVENTORY_STATUS=NOT_CREATED,DOWNLOAD_ARCHIVE_HASH_AND_RECORD_PAGE_COUNT,PRIMARY_SOURCE_ROW_CHECKSUM_COMPLETE_PAGE_REVIEW_AND_REFERENCE_INVENTORY
78,SAFETY_DOCUMENT,MGB-SAFETY-TOPIC-0047,Rollovers,https://www.mygroundbiz.com/-/media/FXGMGB/docs/Safety/FY26-VSM/ROLLOVERSLHVSM101625EN.ashx,WAVE_1_DIRECT_DOCUMENT_ACQUISITION,DIRECT_DOCUMENT_URL_CAPTURED_FROM_EXPANDED_LIBRARY; acquire while authentication is live; title is discovery metadata only,,,,,,UNACQUIRED_OPEN,SAFETY_BACKLOG_STATUS=OPEN;SOURCE_INVENTORY_STATUS=NOT_CREATED,DOWNLOAD_ARCHIVE_HASH_AND_RECORD_PAGE_COUNT,PRIMARY_SOURCE_ROW_CHECKSUM_COMPLETE_PAGE_REVIEW_AND_REFERENCE_INVENTORY
79,SAFETY_DOCUMENT,MGB-SAFETY-TOPIC-0048,Dog bite prevention,https://www.mygroundbiz.com/-/media/FXGMGB/docs/Safety/FY26-VSM/Dog-Bite-Prevention-VSM-102025-EN.ashx,WAVE_1_DIRECT_DOCUMENT_ACQUISITION,DIRECT_DOCUMENT_URL_CAPTURED_FROM_EXPANDED_LIBRARY; acquire while authentication is live; title is discovery metadata only,,,,,,UNACQUIRED_OPEN,SAFETY_BACKLOG_STATUS=OPEN;SOURCE_INVENTORY_STATUS=NOT_CREATED,DOWNLOAD_ARCHIVE_HASH_AND_RECORD_PAGE_COUNT,PRIMARY_SOURCE_ROW_CHECKSUM_COMPLETE_PAGE_REVIEW_AND_REFERENCE_INVENTORY
80,SAFETY_DOCUMENT,MGB-SAFETY-TOPIC-0049,Wildlife awareness,https://www.mygroundbiz.com/-/media/FXGMGB/docs/Safety/FY26-VSM/WILDLIFE-AWARENESSVSM101325EN.ashx,WAVE_1_DIRECT_DOCUMENT_ACQUISITION,DIRECT_DOCUMENT_URL_CAPTURED_FROM_EXPANDED_LIBRARY; acquire while authentication is live; title is discovery metadata only,,,,,,UNACQUIRED_OPEN,SAFETY_BACKLOG_STATUS=OPEN;SOURCE_INVENTORY_STATUS=NOT_CREATED,DOWNLOAD_ARCHIVE_HASH_AND_RECORD_PAGE_COUNT,PRIMARY_SOURCE_ROW_CHECKSUM_COMPLETE_PAGE_REVIEW_AND_REFERENCE_INVENTORY
81,SAFETY_DOCUMENT,MGB-SAFETY-TOPIC-0050,Driveway safety,https://www.mygroundbiz.com/-/media/FXGMGB/docs/Safety/FY26-VSM/PD-Driveway-Safety-10_6_25-English.ashx,WAVE_1_DIRECT_DOCUMENT_ACQUISITION,DIRECT_DOCUMENT_URL_CAPTURED_FROM_EXPANDED_LIBRARY; acquire while authentication is live; title is discovery metadata only,,,,,,UNACQUIRED_OPEN,SAFETY_BACKLOG_STATUS=OPEN;SOURCE_INVENTORY_STATUS=NOT_CREATED,DOWNLOAD_ARCHIVE_HASH_AND_RECORD_PAGE_COUNT,PRIMARY_SOURCE_ROW_CHECKSUM_COMPLETE_PAGE_REVIEW_AND_REFERENCE_INVENTORY
82,SAFETY_DOCUMENT,MGB-SAFETY-TOPIC-0051,Rear-end collisions,https://www.mygroundbiz.com/-/media/FXGMGB/docs/Safety/FY26-VSM/Rear-End-Collisions-10_6_25-English.ashx,WAVE_1_DIRECT_DOCUMENT_ACQUISITION,DIRECT_DOCUMENT_URL_CAPTURED_FROM_EXPANDED_LIBRARY; acquire while authentication is live; title is discovery metadata only,,,,,,UNACQUIRED_OPEN,SAFETY_BACKLOG_STATUS=OPEN;SOURCE_INVENTORY_STATUS=NOT_CREATED,DOWNLOAD_ARCHIVE_HASH_AND_RECORD_PAGE_COUNT,PRIMARY_SOURCE_ROW_CHECKSUM_COMPLETE_PAGE_REVIEW_AND_REFERENCE_INVENTORY
83,SAFETY_DOCUMENT,MGB-SAFETY-TOPIC-0052,Night Driving,https://www.mygroundbiz.com/-/media/FXGMGB/docs/Safety/FY26-VSM/Night-Driving_09_29_25_VSM_EN.ashx,WAVE_1_DIRECT_DOCUMENT_ACQUISITION,DIRECT_DOCUMENT_URL_CAPTURED_FROM_EXPANDED_LIBRARY; acquire while authentication is live; title is discovery metadata only,,,,,,UNACQUIRED_OPEN,SAFETY_BACKLOG_STATUS=OPEN;SOURCE_INVENTORY_STATUS=NOT_CREATED,DOWNLOAD_ARCHIVE_HASH_AND_RECORD_PAGE_COUNT,PRIMARY_SOURCE_ROW_CHECKSUM_COMPLETE_PAGE_REVIEW_AND_REFERENCE_INVENTORY
84,SAFETY_DOCUMENT,MGB-SAFETY-TOPIC-0054,Fixed Object Collision,https://www.mygroundbiz.com/sitecore/shell/-/media/FXGMGB/docs/Safety/FY26-VSM/FixedObject-CollisionPDVSM091525ENG.ashx,WAVE_1_DIRECT_DOCUMENT_ACQUISITION,DIRECT_DOCUMENT_URL_CAPTURED_FROM_EXPANDED_LIBRARY; acquire while authentication is live; title is discovery metadata only,,,,,,UNACQUIRED_OPEN,SAFETY_BACKLOG_STATUS=OPEN;SOURCE_INVENTORY_STATUS=NOT_CREATED,DOWNLOAD_ARCHIVE_HASH_AND_RECORD_PAGE_COUNT,PRIMARY_SOURCE_ROW_CHECKSUM_COMPLETE_PAGE_REVIEW_AND_REFERENCE_INVENTORY
85,SAFETY_DOCUMENT,MGB-SAFETY-TOPIC-0055,Drowsy Driving,https://www.mygroundbiz.com/-/media/FXGMGB/docs/Safety/FY26-VSM/DROWSY-DRIVINGVSM091525ENG.ashx,WAVE_1_DIRECT_DOCUMENT_ACQUISITION,DIRECT_DOCUMENT_URL_CAPTURED_FROM_EXPANDED_LIBRARY; acquire while authentication is live; title is discovery metadata only,,,,,,UNACQUIRED_OPEN,SAFETY_BACKLOG_STATUS=OPEN;SOURCE_INVENTORY_STATUS=NOT_CREATED,DOWNLOAD_ARCHIVE_HASH_AND_RECORD_PAGE_COUNT,PRIMARY_SOURCE_ROW_CHECKSUM_COMPLETE_PAGE_REVIEW_AND_REFERENCE_INVENTORY
86,SAFETY_DOCUMENT,MGB-SAFETY-TOPIC-0056,Cognitive distraction,https://www.mygroundbiz.com/-/media/FXGMGB/docs/Safety/FY26-VSM/COGNITIVE-DISTRACTION-VSM-090825ENG.ashx,WAVE_1_DIRECT_DOCUMENT_ACQUISITION,DIRECT_DOCUMENT_URL_CAPTURED_FROM_EXPANDED_LIBRARY; acquire while authentication is live; title is discovery metadata only,,,,,,UNACQUIRED_OPEN,SAFETY_BACKLOG_STATUS=OPEN;SOURCE_INVENTORY_STATUS=NOT_CREATED,DOWNLOAD_ARCHIVE_HASH_AND_RECORD_PAGE_COUNT,PRIMARY_SOURCE_ROW_CHECKSUM_COMPLETE_PAGE_REVIEW_AND_REFERENCE_INVENTORY
87,SAFETY_DOCUMENT,MGB-SAFETY-TOPIC-0057,Rollovers,https://www.mygroundbiz.com/-/media/FXGMGB/docs/Safety/FY26-VSM/ROLLOVERSLHVSM090125EN.ashx,WAVE_1_DIRECT_DOCUMENT_ACQUISITION,DIRECT_DOCUMENT_URL_CAPTURED_FROM_EXPANDED_LIBRARY; acquire while authentication is live; title is discovery metadata only,,,,,,UNACQUIRED_OPEN,SAFETY_BACKLOG_STATUS=OPEN;SOURCE_INVENTORY_STATUS=NOT_CREATED,DOWNLOAD_ARCHIVE_HASH_AND_RECORD_PAGE_COUNT,PRIMARY_SOURCE_ROW_CHECKSUM_COMPLETE_PAGE_REVIEW_AND_REFERENCE_INVENTORY
88,SAFETY_DOCUMENT,MGB-SAFETY-TOPIC-0058,Backing FY26,https://www.mygroundbiz.com/-/media/FXGMGB/docs/Safety/FY26-VSM/BACKING-PDVSM090125EN.ashx,WAVE_1_DIRECT_DOCUMENT_ACQUISITION,DIRECT_DOCUMENT_URL_CAPTURED_FROM_EXPANDED_LIBRARY; acquire while authentication is live; title is discovery metadata only,,,,,,UNACQUIRED_OPEN,SAFETY_BACKLOG_STATUS=OPEN;SOURCE_INVENTORY_STATUS=NOT_CREATED,DOWNLOAD_ARCHIVE_HASH_AND_RECORD_PAGE_COUNT,PRIMARY_SOURCE_ROW_CHECKSUM_COMPLETE_PAGE_REVIEW_AND_REFERENCE_INVENTORY
89,SAFETY_DOCUMENT,MGB-SAFETY-TOPIC-0059,Summer and Holiday Traffic,https://www.mygroundbiz.com/-/media/FXGMGB/docs/Safety/FY26-VSM/Summer-and-Holiday-Traffic-VSM-082525EN.ashx,WAVE_1_DIRECT_DOCUMENT_ACQUISITION,DIRECT_DOCUMENT_URL_CAPTURED_FROM_EXPANDED_LIBRARY; acquire while authentication is live; title is discovery metadata only,,,,,,UNACQUIRED_OPEN,SAFETY_BACKLOG_STATUS=OPEN;SOURCE_INVENTORY_STATUS=NOT_CREATED,DOWNLOAD_ARCHIVE_HASH_AND_RECORD_PAGE_COUNT,PRIMARY_SOURCE_ROW_CHECKSUM_COMPLETE_PAGE_REVIEW_AND_REFERENCE_INVENTORY
90,SAFETY_DOCUMENT,MGB-SAFETY-TOPIC-0060,Back to School,https://www.mygroundbiz.com/-/media/FXGMGB/docs/Safety/FY26-VSM/BACKTOSCHOOL_VSM_08_25_25-EN.ashx,WAVE_1_DIRECT_DOCUMENT_ACQUISITION,DIRECT_DOCUMENT_URL_CAPTURED_FROM_EXPANDED_LIBRARY; acquire while authentication is live; title is discovery metadata only,,,,,,UNACQUIRED_OPEN,SAFETY_BACKLOG_STATUS=OPEN;SOURCE_INVENTORY_STATUS=NOT_CREATED,DOWNLOAD_ARCHIVE_HASH_AND_RECORD_PAGE_COUNT,PRIMARY_SOURCE_ROW_CHECKSUM_COMPLETE_PAGE_REVIEW_AND_REFERENCE_INVENTORY
91,SAFETY_DOCUMENT,MGB-SAFETY-TOPIC-0061,Brake Safety Week,https://www.mygroundbiz.com/-/media/FXGMGB/docs/Safety/FY26-VSM/Brake-Safety-Week-VSM81825-ENG.ashx,WAVE_1_DIRECT_DOCUMENT_ACQUISITION,DIRECT_DOCUMENT_URL_CAPTURED_FROM_EXPANDED_LIBRARY; acquire while authentication is live; title is discovery metadata only,,,,,,UNACQUIRED_OPEN,SAFETY_BACKLOG_STATUS=OPEN;SOURCE_INVENTORY_STATUS=NOT_CREATED,DOWNLOAD_ARCHIVE_HASH_AND_RECORD_PAGE_COUNT,PRIMARY_SOURCE_ROW_CHECKSUM_COMPLETE_PAGE_REVIEW_AND_REFERENCE_INVENTORY
92,SAFETY_DOCUMENT,MGB-SAFETY-TOPIC-0062,Sideswipes,https://www.mygroundbiz.com/sitecore/shell/-/media/FXGMGB/docs/Safety/FY26-VSM/SIDESWIPEVSM8425-ENGFINAL.ashx,WAVE_1_DIRECT_DOCUMENT_ACQUISITION,DIRECT_DOCUMENT_URL_CAPTURED_FROM_EXPANDED_LIBRARY; acquire while authentication is live; title is discovery metadata only,,,,,,UNACQUIRED_OPEN,SAFETY_BACKLOG_STATUS=OPEN;SOURCE_INVENTORY_STATUS=NOT_CREATED,DOWNLOAD_ARCHIVE_HASH_AND_RECORD_PAGE_COUNT,PRIMARY_SOURCE_ROW_CHECKSUM_COMPLETE_PAGE_REVIEW_AND_REFERENCE_INVENTORY
93,SAFETY_DOCUMENT,MGB-SAFETY-TOPIC-0063,Dog bite prevention,https://www.mygroundbiz.com/-/media/FXGMGB/docs/Safety/FY25-VSMs/Dog-Bite-Prevention-VSM-040725-EN-FINAL.ashx,WAVE_1_DIRECT_DOCUMENT_ACQUISITION,DIRECT_DOCUMENT_URL_CAPTURED_FROM_EXPANDED_LIBRARY; acquire while authentication is live; title is discovery metadata only,,,,,,UNACQUIRED_OPEN,SAFETY_BACKLOG_STATUS=OPEN;SOURCE_INVENTORY_STATUS=NOT_CREATED,DOWNLOAD_ARCHIVE_HASH_AND_RECORD_PAGE_COUNT,PRIMARY_SOURCE_ROW_CHECKSUM_COMPLETE_PAGE_REVIEW_AND_REFERENCE_INVENTORY
94,SAFETY_DOCUMENT,MGB-SAFETY-TOPIC-0064,Summer Driving,https://www.mygroundbiz.com/-/media/FXGMGB/docs/Safety/FY26-VSM/SUMMER-DRIVINGVSM072825ENGFINAL.ashx,WAVE_1_DIRECT_DOCUMENT_ACQUISITION,DIRECT_DOCUMENT_URL_CAPTURED_FROM_EXPANDED_LIBRARY; acquire while authentication is live; title is discovery metadata only,,,,,,UNACQUIRED_OPEN,SAFETY_BACKLOG_STATUS=OPEN;SOURCE_INVENTORY_STATUS=NOT_CREATED,DOWNLOAD_ARCHIVE_HASH_AND_RECORD_PAGE_COUNT,PRIMARY_SOURCE_ROW_CHECKSUM_COMPLETE_PAGE_REVIEW_AND_REFERENCE_INVENTORY
95,SAFETY_DOCUMENT,MGB-SAFETY-TOPIC-0065,Excessive Speed,https://www.mygroundbiz.com/-/media/FXGMGB/docs/Safety/FY26-VSM/SPEEDVSM071425-FINAL.ashx,WAVE_1_DIRECT_DOCUMENT_ACQUISITION,DIRECT_DOCUMENT_URL_CAPTURED_FROM_EXPANDED_LIBRARY; acquire while authentication is live; title is discovery metadata only,,,,,,UNACQUIRED_OPEN,SAFETY_BACKLOG_STATUS=OPEN;SOURCE_INVENTORY_STATUS=NOT_CREATED,DOWNLOAD_ARCHIVE_HASH_AND_RECORD_PAGE_COUNT,PRIMARY_SOURCE_ROW_CHECKSUM_COMPLETE_PAGE_REVIEW_AND_REFERENCE_INVENTORY
96,SAFETY_DOCUMENT,MGB-SAFETY-TOPIC-0066,Summer holiday traffic,https://www.mygroundbiz.com/-/media/FXGMGB/docs/Safety/FY26-VSM/Summer-and-Holiday-Traffic-VSM-063025-FINAL.ashx,WAVE_1_DIRECT_DOCUMENT_ACQUISITION,DIRECT_DOCUMENT_URL_CAPTURED_FROM_EXPANDED_LIBRARY; acquire while authentication is live; title is discovery metadata only,,,,,,UNACQUIRED_OPEN,SAFETY_BACKLOG_STATUS=OPEN;SOURCE_INVENTORY_STATUS=NOT_CREATED,DOWNLOAD_ARCHIVE_HASH_AND_RECORD_PAGE_COUNT,PRIMARY_SOURCE_ROW_CHECKSUM_COMPLETE_PAGE_REVIEW_AND_REFERENCE_INVENTORY
97,SAFETY_DOCUMENT,MGB-SAFETY-TOPIC-0067,Summer adverse weather,https://www.mygroundbiz.com/-/media/FXGMGB/docs/Safety/FY26-VSM/SUMMER-ADVERSE-WEATHERVSM62325ENGFINAL.ashx,WAVE_1_DIRECT_DOCUMENT_ACQUISITION,DIRECT_DOCUMENT_URL_CAPTURED_FROM_EXPANDED_LIBRARY; acquire while authentication is live; title is discovery metadata only,,,,,,UNACQUIRED_OPEN,SAFETY_BACKLOG_STATUS=OPEN;SOURCE_INVENTORY_STATUS=NOT_CREATED,DOWNLOAD_ARCHIVE_HASH_AND_RECORD_PAGE_COUNT,PRIMARY_SOURCE_ROW_CHECKSUM_COMPLETE_PAGE_REVIEW_AND_REFERENCE_INVENTORY
98,SAFETY_DOCUMENT,MGB-SAFETY-TOPIC-0068,Rollovers,https://www.mygroundbiz.com/-/media/FXGMGB/docs/Safety/FY26-VSM/ROLLOVERSLHVSM061625ENFINAL.ashx,WAVE_1_DIRECT_DOCUMENT_ACQUISITION,DIRECT_DOCUMENT_URL_CAPTURED_FROM_EXPANDED_LIBRARY; acquire while authentication is live; title is discovery metadata only,,,,,,UNACQUIRED_OPEN,SAFETY_BACKLOG_STATUS=OPEN;SOURCE_INVENTORY_STATUS=NOT_CREATED,DOWNLOAD_ARCHIVE_HASH_AND_RECORD_PAGE_COUNT,PRIMARY_SOURCE_ROW_CHECKSUM_COMPLETE_PAGE_REVIEW_AND_REFERENCE_INVENTORY
99,SAFETY_DOCUMENT,MGB-SAFETY-TOPIC-0070,Road rage,https://www.mygroundbiz.com/-/media/FXGMGB/docs/Safety/FY25-VSMs/Road-Rage-DeEscalationSafetyTopic42825ENGFINAL.ashx,WAVE_1_DIRECT_DOCUMENT_ACQUISITION,DIRECT_DOCUMENT_URL_CAPTURED_FROM_EXPANDED_LIBRARY; acquire while authentication is live; title is discovery metadata only,,,,,,UNACQUIRED_OPEN,SAFETY_BACKLOG_STATUS=OPEN;SOURCE_INVENTORY_STATUS=NOT_CREATED,DOWNLOAD_ARCHIVE_HASH_AND_RECORD_PAGE_COUNT,PRIMARY_SOURCE_ROW_CHECKSUM_COMPLETE_PAGE_REVIEW_AND_REFERENCE_INVENTORY
100,SAFETY_DOCUMENT,MGB-SAFETY-TOPIC-0071,Fog,https://www.mygroundbiz.com/-/media/FXGMGB/docs/Safety/FY25-VSMs/FOGVSM030325ENG-FINAL.ashx,WAVE_1_DIRECT_DOCUMENT_ACQUISITION,DIRECT_DOCUMENT_URL_CAPTURED_FROM_EXPANDED_LIBRARY; acquire while authentication is live; title is discovery metadata only,,,,,,UNACQUIRED_OPEN,SAFETY_BACKLOG_STATUS=OPEN;SOURCE_INVENTORY_STATUS=NOT_CREATED,DOWNLOAD_ARCHIVE_HASH_AND_RECORD_PAGE_COUNT,PRIMARY_SOURCE_ROW_CHECKSUM_COMPLETE_PAGE_REVIEW_AND_REFERENCE_INVENTORY
101,SAFETY_DOCUMENT,MGB-SAFETY-TOPIC-0072,Human trafficking awareness,https://www.mygroundbiz.com/-/media/FXGMGB/docs/Safety/FY25-VSMs/Human-Trafficking-VSM-021725-ENG-FINAL.ashx,WAVE_1_DIRECT_DOCUMENT_ACQUISITION,DIRECT_DOCUMENT_URL_CAPTURED_FROM_EXPANDED_LIBRARY; acquire while authentication is live; title is discovery metadata only,,,,,,UNACQUIRED_OPEN,SAFETY_BACKLOG_STATUS=OPEN;SOURCE_INVENTORY_STATUS=NOT_CREATED,DOWNLOAD_ARCHIVE_HASH_AND_RECORD_PAGE_COUNT,PRIMARY_SOURCE_ROW_CHECKSUM_COMPLETE_PAGE_REVIEW_AND_REFERENCE_INVENTORY
102,SAFETY_DOCUMENT,MGB-SAFETY-TOPIC-0073,Railroad intersections,https://www.mygroundbiz.com/-/media/FXGMGB/docs/Safety/FY25-VSMs/PD-RAILROAD-SAFETY-INTERSECTIONSVSM021025-FINAL.ashx,WAVE_1_DIRECT_DOCUMENT_ACQUISITION,DIRECT_DOCUMENT_URL_CAPTURED_FROM_EXPANDED_LIBRARY; acquire while authentication is live; title is discovery metadata only,,,,,,UNACQUIRED_OPEN,SAFETY_BACKLOG_STATUS=OPEN;SOURCE_INVENTORY_STATUS=NOT_CREATED,DOWNLOAD_ARCHIVE_HASH_AND_RECORD_PAGE_COUNT,PRIMARY_SOURCE_ROW_CHECKSUM_COMPLETE_PAGE_REVIEW_AND_REFERENCE_INVENTORY
103,SAFETY_DOCUMENT,MGB-SAFETY-TOPIC-0074,Large packages,https://www.mygroundbiz.com/-/media/FXGMGB/docs/Safety/FY25-VSMs/Large-PackagesPDVSM011325ENGFINAL.ashx,WAVE_1_DIRECT_DOCUMENT_ACQUISITION,DIRECT_DOCUMENT_URL_CAPTURED_FROM_EXPANDED_LIBRARY; acquire while authentication is live; title is discovery metadata only,,,,,,UNACQUIRED_OPEN,SAFETY_BACKLOG_STATUS=OPEN;SOURCE_INVENTORY_STATUS=NOT_CREATED,DOWNLOAD_ARCHIVE_HASH_AND_RECORD_PAGE_COUNT,PRIMARY_SOURCE_ROW_CHECKSUM_COMPLETE_PAGE_REVIEW_AND_REFERENCE_INVENTORY
104,SAFETY_DOCUMENT,MGB-SAFETY-TOPIC-0075,Trailer Dolly Coupling Canada,https://www.mygroundbiz.com/-/media/FXGMGB/docs/Safety/FY24-VSMs/TRAILER-DOLLY-COUPLINGVSM61923-Canada-FINAL.ashx,WAVE_1_DIRECT_DOCUMENT_ACQUISITION,DIRECT_DOCUMENT_URL_CAPTURED_FROM_EXPANDED_LIBRARY; acquire while authentication is live; title is discovery metadata only,,,,,,UNACQUIRED_OPEN,SAFETY_BACKLOG_STATUS=OPEN;SOURCE_INVENTORY_STATUS=NOT_CREATED,DOWNLOAD_ARCHIVE_HASH_AND_RECORD_PAGE_COUNT,PRIMARY_SOURCE_ROW_CHECKSUM_COMPLETE_PAGE_REVIEW_AND_REFERENCE_INVENTORY
105,SAFETY_DOCUMENT,MGB-SAFETY-TOPIC-0076,Trailer Dolly Coupling,https://www.mygroundbiz.com/-/media/FXGMGB/docs/Safety/FY24-VSMs/TRAILER-DOLLY-COUPLING-VSM-61923-US-FINAL.ashx,WAVE_1_DIRECT_DOCUMENT_ACQUISITION,DIRECT_DOCUMENT_URL_CAPTURED_FROM_EXPANDED_LIBRARY; acquire while authentication is live; title is discovery metadata only,,,,,,UNACQUIRED_OPEN,SAFETY_BACKLOG_STATUS=OPEN;SOURCE_INVENTORY_STATUS=NOT_CREATED,DOWNLOAD_ARCHIVE_HASH_AND_RECORD_PAGE_COUNT,PRIMARY_SOURCE_ROW_CHECKSUM_COMPLETE_PAGE_REVIEW_AND_REFERENCE_INVENTORY
106,SAFETY_DOCUMENT,MGB-SAFETY-TOPIC-0077,Trailer dolly coupling,https://www.mygroundbiz.com/-/media/FXGMGB/docs/Safety/FY25-VSMs/LH-TRAILER-DOLLY-COUPLING-VSM-021025-USCANADAFINAL.ashx,WAVE_1_DIRECT_DOCUMENT_ACQUISITION,DIRECT_DOCUMENT_URL_CAPTURED_FROM_EXPANDED_LIBRARY; acquire while authentication is live; title is discovery metadata only,,,,,,UNACQUIRED_OPEN,SAFETY_BACKLOG_STATUS=OPEN;SOURCE_INVENTORY_STATUS=NOT_CREATED,DOWNLOAD_ARCHIVE_HASH_AND_RECORD_PAGE_COUNT,PRIMARY_SOURCE_ROW_CHECKSUM_COMPLETE_PAGE_REVIEW_AND_REFERENCE_INVENTORY
107,NEWS_ARCHIVE_PAGE,MGB-ARCHIVE-0001,August 2026,https://www.mygroundbiz.com/news?sort=Date&archive=2026-08&if=True,WAVE_2_NEWS_ARCHIVE_DISCOVERY,EXACT_MONTHLY_ARCHIVE_LINK_CAPTURED_FROM_FULLY_REVIEWED_CUSTOMER_ALERT_PAGE; archive content and child-article relevance remain unassessed; titles are discovery metadata only,,,,,,UNACQUIRED_OPEN,NEWS_ARCHIVE_BACKLOG_STATUS=OPEN;SOURCE_INVENTORY_STATUS=NOT_CREATED,OPEN_AUTHENTICATED_CAPTURE_COMPLETE_ARCHIVE_PAGE_INVENTORY_ALL_ARTICLES_AND_PAGINATION,DURABLE_ARCHIVE_CAPTURE_ALL_ARTICLE_LINKS_INVENTORIED_PAGINATION_EXHAUSTED_AND_REVIEW_STATUS_RECONCILED
108,NEWS_ARCHIVE_PAGE,MGB-ARCHIVE-0002,July 2026,https://www.mygroundbiz.com/news?sort=Date&archive=2026-07&if=True,WAVE_2_NEWS_ARCHIVE_DISCOVERY,EXACT_MONTHLY_ARCHIVE_LINK_CAPTURED_FROM_FULLY_REVIEWED_CUSTOMER_ALERT_PAGE; archive content and child-article relevance remain unassessed; titles are discovery metadata only,,,,,,UNACQUIRED_OPEN,NEWS_ARCHIVE_BACKLOG_STATUS=OPEN;SOURCE_INVENTORY_STATUS=NOT_CREATED,OPEN_AUTHENTICATED_CAPTURE_COMPLETE_ARCHIVE_PAGE_INVENTORY_ALL_ARTICLES_AND_PAGINATION,DURABLE_ARCHIVE_CAPTURE_ALL_ARTICLE_LINKS_INVENTORIED_PAGINATION_EXHAUSTED_AND_REVIEW_STATUS_RECONCILED
109,NEWS_ARCHIVE_PAGE,MGB-ARCHIVE-0003,June 2026,https://www.mygroundbiz.com/news?sort=Date&archive=2026-06&if=True,WAVE_2_NEWS_ARCHIVE_DISCOVERY,EXACT_MONTHLY_ARCHIVE_LINK_CAPTURED_FROM_FULLY_REVIEWED_CUSTOMER_ALERT_PAGE; archive content and child-article relevance remain unassessed; titles are discovery metadata only,,,,,,UNACQUIRED_OPEN,NEWS_ARCHIVE_BACKLOG_STATUS=OPEN;SOURCE_INVENTORY_STATUS=NOT_CREATED,OPEN_AUTHENTICATED_CAPTURE_COMPLETE_ARCHIVE_PAGE_INVENTORY_ALL_ARTICLES_AND_PAGINATION,DURABLE_ARCHIVE_CAPTURE_ALL_ARTICLE_LINKS_INVENTORIED_PAGINATION_EXHAUSTED_AND_REVIEW_STATUS_RECONCILED
110,NEWS_ARCHIVE_PAGE,MGB-ARCHIVE-0004,May 2026,https://www.mygroundbiz.com/news?sort=Date&archive=2026-05&if=True,WAVE_2_NEWS_ARCHIVE_DISCOVERY,EXACT_MONTHLY_ARCHIVE_LINK_CAPTURED_FROM_FULLY_REVIEWED_CUSTOMER_ALERT_PAGE; archive content and child-article relevance remain unassessed; titles are discovery metadata only,,,,,,UNACQUIRED_OPEN,NEWS_ARCHIVE_BACKLOG_STATUS=OPEN;SOURCE_INVENTORY_STATUS=NOT_CREATED,OPEN_AUTHENTICATED_CAPTURE_COMPLETE_ARCHIVE_PAGE_INVENTORY_ALL_ARTICLES_AND_PAGINATION,DURABLE_ARCHIVE_CAPTURE_ALL_ARTICLE_LINKS_INVENTORIED_PAGINATION_EXHAUSTED_AND_REVIEW_STATUS_RECONCILED
111,NEWS_ARCHIVE_PAGE,MGB-ARCHIVE-0005,April 2026,https://www.mygroundbiz.com/news?sort=Date&archive=2026-04&if=True,WAVE_2_NEWS_ARCHIVE_DISCOVERY,EXACT_MONTHLY_ARCHIVE_LINK_CAPTURED_FROM_FULLY_REVIEWED_CUSTOMER_ALERT_PAGE; archive content and child-article relevance remain unassessed; titles are discovery metadata only,,,,,,UNACQUIRED_OPEN,NEWS_ARCHIVE_BACKLOG_STATUS=OPEN;SOURCE_INVENTORY_STATUS=NOT_CREATED,OPEN_AUTHENTICATED_CAPTURE_COMPLETE_ARCHIVE_PAGE_INVENTORY_ALL_ARTICLES_AND_PAGINATION,DURABLE_ARCHIVE_CAPTURE_ALL_ARTICLE_LINKS_INVENTORIED_PAGINATION_EXHAUSTED_AND_REVIEW_STATUS_RECONCILED
112,NEWS_ARCHIVE_PAGE,MGB-ARCHIVE-0006,March 2026,https://www.mygroundbiz.com/news?sort=Date&archive=2026-03&if=True,WAVE_2_NEWS_ARCHIVE_DISCOVERY,EXACT_MONTHLY_ARCHIVE_LINK_CAPTURED_FROM_FULLY_REVIEWED_CUSTOMER_ALERT_PAGE; archive content and child-article relevance remain unassessed; titles are discovery metadata only,,,,,,UNACQUIRED_OPEN,NEWS_ARCHIVE_BACKLOG_STATUS=OPEN;SOURCE_INVENTORY_STATUS=NOT_CREATED,OPEN_AUTHENTICATED_CAPTURE_COMPLETE_ARCHIVE_PAGE_INVENTORY_ALL_ARTICLES_AND_PAGINATION,DURABLE_ARCHIVE_CAPTURE_ALL_ARTICLE_LINKS_INVENTORIED_PAGINATION_EXHAUSTED_AND_REVIEW_STATUS_RECONCILED
113,NEWS_ARCHIVE_PAGE,MGB-ARCHIVE-0007,February 2026,https://www.mygroundbiz.com/news?sort=Date&archive=2026-02&if=True,WAVE_2_NEWS_ARCHIVE_DISCOVERY,EXACT_MONTHLY_ARCHIVE_LINK_CAPTURED_FROM_FULLY_REVIEWED_CUSTOMER_ALERT_PAGE; archive content and child-article relevance remain unassessed; titles are discovery metadata only,,,,,,UNACQUIRED_OPEN,NEWS_ARCHIVE_BACKLOG_STATUS=OPEN;SOURCE_INVENTORY_STATUS=NOT_CREATED,OPEN_AUTHENTICATED_CAPTURE_COMPLETE_ARCHIVE_PAGE_INVENTORY_ALL_ARTICLES_AND_PAGINATION,DURABLE_ARCHIVE_CAPTURE_ALL_ARTICLE_LINKS_INVENTORIED_PAGINATION_EXHAUSTED_AND_REVIEW_STATUS_RECONCILED
114,NEWS_ARCHIVE_PAGE,MGB-ARCHIVE-0008,January 2026,https://www.mygroundbiz.com/news?sort=Date&archive=2026-01&if=True,WAVE_2_NEWS_ARCHIVE_DISCOVERY,EXACT_MONTHLY_ARCHIVE_LINK_CAPTURED_FROM_FULLY_REVIEWED_CUSTOMER_ALERT_PAGE; archive content and child-article relevance remain unassessed; titles are discovery metadata only,,,,,,UNACQUIRED_OPEN,NEWS_ARCHIVE_BACKLOG_STATUS=OPEN;SOURCE_INVENTORY_STATUS=NOT_CREATED,OPEN_AUTHENTICATED_CAPTURE_COMPLETE_ARCHIVE_PAGE_INVENTORY_ALL_ARTICLES_AND_PAGINATION,DURABLE_ARCHIVE_CAPTURE_ALL_ARTICLE_LINKS_INVENTORIED_PAGINATION_EXHAUSTED_AND_REVIEW_STATUS_RECONCILED
115,NEWS_ARCHIVE_PAGE,MGB-ARCHIVE-0009,December 2025,https://www.mygroundbiz.com/news?sort=Date&archive=2025-12&if=True,WAVE_2_NEWS_ARCHIVE_DISCOVERY,EXACT_MONTHLY_ARCHIVE_LINK_CAPTURED_FROM_FULLY_REVIEWED_CUSTOMER_ALERT_PAGE; archive content and child-article relevance remain unassessed; titles are discovery metadata only,,,,,,UNACQUIRED_OPEN,NEWS_ARCHIVE_BACKLOG_STATUS=OPEN;SOURCE_INVENTORY_STATUS=NOT_CREATED,OPEN_AUTHENTICATED_CAPTURE_COMPLETE_ARCHIVE_PAGE_INVENTORY_ALL_ARTICLES_AND_PAGINATION,DURABLE_ARCHIVE_CAPTURE_ALL_ARTICLE_LINKS_INVENTORIED_PAGINATION_EXHAUSTED_AND_REVIEW_STATUS_RECONCILED
116,NEWS_ARCHIVE_PAGE,MGB-ARCHIVE-0010,November 2025,https://www.mygroundbiz.com/news?sort=Date&archive=2025-11&if=True,WAVE_2_NEWS_ARCHIVE_DISCOVERY,EXACT_MONTHLY_ARCHIVE_LINK_CAPTURED_FROM_FULLY_REVIEWED_CUSTOMER_ALERT_PAGE; archive content and child-article relevance remain unassessed; titles are discovery metadata only,,,,,,UNACQUIRED_OPEN,NEWS_ARCHIVE_BACKLOG_STATUS=OPEN;SOURCE_INVENTORY_STATUS=NOT_CREATED,OPEN_AUTHENTICATED_CAPTURE_COMPLETE_ARCHIVE_PAGE_INVENTORY_ALL_ARTICLES_AND_PAGINATION,DURABLE_ARCHIVE_CAPTURE_ALL_ARTICLE_LINKS_INVENTORIED_PAGINATION_EXHAUSTED_AND_REVIEW_STATUS_RECONCILED
117,NEWS_ARCHIVE_PAGE,MGB-ARCHIVE-0011,October 2025,https://www.mygroundbiz.com/news?sort=Date&archive=2025-10&if=True,WAVE_2_NEWS_ARCHIVE_DISCOVERY,EXACT_MONTHLY_ARCHIVE_LINK_CAPTURED_FROM_FULLY_REVIEWED_CUSTOMER_ALERT_PAGE; archive content and child-article relevance remain unassessed; titles are discovery metadata only,,,,,,UNACQUIRED_OPEN,NEWS_ARCHIVE_BACKLOG_STATUS=OPEN;SOURCE_INVENTORY_STATUS=NOT_CREATED,OPEN_AUTHENTICATED_CAPTURE_COMPLETE_ARCHIVE_PAGE_INVENTORY_ALL_ARTICLES_AND_PAGINATION,DURABLE_ARCHIVE_CAPTURE_ALL_ARTICLE_LINKS_INVENTORIED_PAGINATION_EXHAUSTED_AND_REVIEW_STATUS_RECONCILED
118,NEWS_ARCHIVE_PAGE,MGB-ARCHIVE-0012,September 2025,https://www.mygroundbiz.com/news?sort=Date&archive=2025-09&if=True,WAVE_2_NEWS_ARCHIVE_DISCOVERY,EXACT_MONTHLY_ARCHIVE_LINK_CAPTURED_FROM_FULLY_REVIEWED_CUSTOMER_ALERT_PAGE; archive content and child-article relevance remain unassessed; titles are discovery metadata only,,,,,,UNACQUIRED_OPEN,NEWS_ARCHIVE_BACKLOG_STATUS=OPEN;SOURCE_INVENTORY_STATUS=NOT_CREATED,OPEN_AUTHENTICATED_CAPTURE_COMPLETE_ARCHIVE_PAGE_INVENTORY_ALL_ARTICLES_AND_PAGINATION,DURABLE_ARCHIVE_CAPTURE_ALL_ARTICLE_LINKS_INVENTORIED_PAGINATION_EXHAUSTED_AND_REVIEW_STATUS_RECONCILED
119,NEWS_ARCHIVE_PAGE,MGB-ARCHIVE-0013,August 2025,https://www.mygroundbiz.com/news?sort=Date&archive=2025-08&if=True,WAVE_2_NEWS_ARCHIVE_DISCOVERY,EXACT_MONTHLY_ARCHIVE_LINK_CAPTURED_FROM_FULLY_REVIEWED_CUSTOMER_ALERT_PAGE; archive content and child-article relevance remain unassessed; titles are discovery metadata only,,,,,,UNACQUIRED_OPEN,NEWS_ARCHIVE_BACKLOG_STATUS=OPEN;SOURCE_INVENTORY_STATUS=NOT_CREATED,OPEN_AUTHENTICATED_CAPTURE_COMPLETE_ARCHIVE_PAGE_INVENTORY_ALL_ARTICLES_AND_PAGINATION,DURABLE_ARCHIVE_CAPTURE_ALL_ARTICLE_LINKS_INVENTORIED_PAGINATION_EXHAUSTED_AND_REVIEW_STATUS_RECONCILED
120,NEWS_ARCHIVE_PAGE,MGB-ARCHIVE-0014,July 2025,https://www.mygroundbiz.com/news?sort=Date&archive=2025-07&if=True,WAVE_2_NEWS_ARCHIVE_DISCOVERY,EXACT_MONTHLY_ARCHIVE_LINK_CAPTURED_FROM_FULLY_REVIEWED_CUSTOMER_ALERT_PAGE; archive content and child-article relevance remain unassessed; titles are discovery metadata only,,,,,,UNACQUIRED_OPEN,NEWS_ARCHIVE_BACKLOG_STATUS=OPEN;SOURCE_INVENTORY_STATUS=NOT_CREATED,OPEN_AUTHENTICATED_CAPTURE_COMPLETE_ARCHIVE_PAGE_INVENTORY_ALL_ARTICLES_AND_PAGINATION,DURABLE_ARCHIVE_CAPTURE_ALL_ARTICLE_LINKS_INVENTORIED_PAGINATION_EXHAUSTED_AND_REVIEW_STATUS_RECONCILED
121,NEWS_ARCHIVE_PAGE,MGB-ARCHIVE-0015,June 2025,https://www.mygroundbiz.com/news?sort=Date&archive=2025-06&if=True,WAVE_2_NEWS_ARCHIVE_DISCOVERY,EXACT_MONTHLY_ARCHIVE_LINK_CAPTURED_FROM_FULLY_REVIEWED_CUSTOMER_ALERT_PAGE; archive content and child-article relevance remain unassessed; titles are discovery metadata only,,,,,,UNACQUIRED_OPEN,NEWS_ARCHIVE_BACKLOG_STATUS=OPEN;SOURCE_INVENTORY_STATUS=NOT_CREATED,OPEN_AUTHENTICATED_CAPTURE_COMPLETE_ARCHIVE_PAGE_INVENTORY_ALL_ARTICLES_AND_PAGINATION,DURABLE_ARCHIVE_CAPTURE_ALL_ARTICLE_LINKS_INVENTORIED_PAGINATION_EXHAUSTED_AND_REVIEW_STATUS_RECONCILED
122,NEWS_ARCHIVE_PAGE,MGB-ARCHIVE-0016,May 2025,https://www.mygroundbiz.com/news?sort=Date&archive=2025-05&if=True,WAVE_2_NEWS_ARCHIVE_DISCOVERY,EXACT_MONTHLY_ARCHIVE_LINK_CAPTURED_FROM_FULLY_REVIEWED_CUSTOMER_ALERT_PAGE; archive content and child-article relevance remain unassessed; titles are discovery metadata only,,,,,,UNACQUIRED_OPEN,NEWS_ARCHIVE_BACKLOG_STATUS=OPEN;SOURCE_INVENTORY_STATUS=NOT_CREATED,OPEN_AUTHENTICATED_CAPTURE_COMPLETE_ARCHIVE_PAGE_INVENTORY_ALL_ARTICLES_AND_PAGINATION,DURABLE_ARCHIVE_CAPTURE_ALL_ARTICLE_LINKS_INVENTORIED_PAGINATION_EXHAUSTED_AND_REVIEW_STATUS_RECONCILED
123,NEWS_ARCHIVE_PAGE,MGB-ARCHIVE-0017,April 2025,https://www.mygroundbiz.com/news?sort=Date&archive=2025-04&if=True,WAVE_2_NEWS_ARCHIVE_DISCOVERY,EXACT_MONTHLY_ARCHIVE_LINK_CAPTURED_FROM_FULLY_REVIEWED_CUSTOMER_ALERT_PAGE; archive content and child-article relevance remain unassessed; titles are discovery metadata only,,,,,,UNACQUIRED_OPEN,NEWS_ARCHIVE_BACKLOG_STATUS=OPEN;SOURCE_INVENTORY_STATUS=NOT_CREATED,OPEN_AUTHENTICATED_CAPTURE_COMPLETE_ARCHIVE_PAGE_INVENTORY_ALL_ARTICLES_AND_PAGINATION,DURABLE_ARCHIVE_CAPTURE_ALL_ARTICLE_LINKS_INVENTORIED_PAGINATION_EXHAUSTED_AND_REVIEW_STATUS_RECONCILED
124,NEWS_ARCHIVE_PAGE,MGB-ARCHIVE-0018,March 2025,https://www.mygroundbiz.com/news?sort=Date&archive=2025-03&if=True,WAVE_2_NEWS_ARCHIVE_DISCOVERY,EXACT_MONTHLY_ARCHIVE_LINK_CAPTURED_FROM_FULLY_REVIEWED_CUSTOMER_ALERT_PAGE; archive content and child-article relevance remain unassessed; titles are discovery metadata only,,,,,,UNACQUIRED_OPEN,NEWS_ARCHIVE_BACKLOG_STATUS=OPEN;SOURCE_INVENTORY_STATUS=NOT_CREATED,OPEN_AUTHENTICATED_CAPTURE_COMPLETE_ARCHIVE_PAGE_INVENTORY_ALL_ARTICLES_AND_PAGINATION,DURABLE_ARCHIVE_CAPTURE_ALL_ARTICLE_LINKS_INVENTORIED_PAGINATION_EXHAUSTED_AND_REVIEW_STATUS_RECONCILED
125,NEWS_ARCHIVE_PAGE,MGB-ARCHIVE-0019,January 2025,https://www.mygroundbiz.com/news?sort=Date&archive=2025-01&if=True,WAVE_2_NEWS_ARCHIVE_DISCOVERY,EXACT_MONTHLY_ARCHIVE_LINK_CAPTURED_FROM_FULLY_REVIEWED_CUSTOMER_ALERT_PAGE; archive content and child-article relevance remain unassessed; titles are discovery metadata only,,,,,,UNACQUIRED_OPEN,NEWS_ARCHIVE_BACKLOG_STATUS=OPEN;SOURCE_INVENTORY_STATUS=NOT_CREATED,OPEN_AUTHENTICATED_CAPTURE_COMPLETE_ARCHIVE_PAGE_INVENTORY_ALL_ARTICLES_AND_PAGINATION,DURABLE_ARCHIVE_CAPTURE_ALL_ARTICLE_LINKS_INVENTORIED_PAGINATION_EXHAUSTED_AND_REVIEW_STATUS_RECONCILED
126,NEWS_ARCHIVE_PAGE,MGB-ARCHIVE-0020,December 2024,https://www.mygroundbiz.com/news?sort=Date&archive=2024-12&if=True,WAVE_2_NEWS_ARCHIVE_DISCOVERY,EXACT_MONTHLY_ARCHIVE_LINK_CAPTURED_FROM_FULLY_REVIEWED_CUSTOMER_ALERT_PAGE; archive content and child-article relevance remain unassessed; titles are discovery metadata only,,,,,,UNACQUIRED_OPEN,NEWS_ARCHIVE_BACKLOG_STATUS=OPEN;SOURCE_INVENTORY_STATUS=NOT_CREATED,OPEN_AUTHENTICATED_CAPTURE_COMPLETE_ARCHIVE_PAGE_INVENTORY_ALL_ARTICLES_AND_PAGINATION,DURABLE_ARCHIVE_CAPTURE_ALL_ARTICLE_LINKS_INVENTORIED_PAGINATION_EXHAUSTED_AND_REVIEW_STATUS_RECONCILED
127,NEWS_ARCHIVE_PAGE,MGB-ARCHIVE-0021,November 2024,https://www.mygroundbiz.com/news?sort=Date&archive=2024-11&if=True,WAVE_2_NEWS_ARCHIVE_DISCOVERY,EXACT_MONTHLY_ARCHIVE_LINK_CAPTURED_FROM_FULLY_REVIEWED_CUSTOMER_ALERT_PAGE; archive content and child-article relevance remain unassessed; titles are discovery metadata only,,,,,,UNACQUIRED_OPEN,NEWS_ARCHIVE_BACKLOG_STATUS=OPEN;SOURCE_INVENTORY_STATUS=NOT_CREATED,OPEN_AUTHENTICATED_CAPTURE_COMPLETE_ARCHIVE_PAGE_INVENTORY_ALL_ARTICLES_AND_PAGINATION,DURABLE_ARCHIVE_CAPTURE_ALL_ARTICLE_LINKS_INVENTORIED_PAGINATION_EXHAUSTED_AND_REVIEW_STATUS_RECONCILED
128,NEWS_ARCHIVE_PAGE,MGB-ARCHIVE-0022,October 2024,https://www.mygroundbiz.com/news?sort=Date&archive=2024-10&if=True,WAVE_2_NEWS_ARCHIVE_DISCOVERY,EXACT_MONTHLY_ARCHIVE_LINK_CAPTURED_FROM_FULLY_REVIEWED_CUSTOMER_ALERT_PAGE; archive content and child-article relevance remain unassessed; titles are discovery metadata only,,,,,,UNACQUIRED_OPEN,NEWS_ARCHIVE_BACKLOG_STATUS=OPEN;SOURCE_INVENTORY_STATUS=NOT_CREATED,OPEN_AUTHENTICATED_CAPTURE_COMPLETE_ARCHIVE_PAGE_INVENTORY_ALL_ARTICLES_AND_PAGINATION,DURABLE_ARCHIVE_CAPTURE_ALL_ARTICLE_LINKS_INVENTORIED_PAGINATION_EXHAUSTED_AND_REVIEW_STATUS_RECONCILED
129,NEWS_ARCHIVE_PAGE,MGB-ARCHIVE-0023,August 2024,https://www.mygroundbiz.com/news?sort=Date&archive=2024-08&if=True,WAVE_2_NEWS_ARCHIVE_DISCOVERY,EXACT_MONTHLY_ARCHIVE_LINK_CAPTURED_FROM_FULLY_REVIEWED_CUSTOMER_ALERT_PAGE; archive content and child-article relevance remain unassessed; titles are discovery metadata only,,,,,,UNACQUIRED_OPEN,NEWS_ARCHIVE_BACKLOG_STATUS=OPEN;SOURCE_INVENTORY_STATUS=NOT_CREATED,OPEN_AUTHENTICATED_CAPTURE_COMPLETE_ARCHIVE_PAGE_INVENTORY_ALL_ARTICLES_AND_PAGINATION,DURABLE_ARCHIVE_CAPTURE_ALL_ARTICLE_LINKS_INVENTORIED_PAGINATION_EXHAUSTED_AND_REVIEW_STATUS_RECONCILED
130,NEWS_ARCHIVE_PAGE,MGB-ARCHIVE-0024,July 2024,https://www.mygroundbiz.com/news?sort=Date&archive=2024-07&if=True,WAVE_2_NEWS_ARCHIVE_DISCOVERY,EXACT_MONTHLY_ARCHIVE_LINK_CAPTURED_FROM_FULLY_REVIEWED_CUSTOMER_ALERT_PAGE; archive content and child-article relevance remain unassessed; titles are discovery metadata only,,,,,,UNACQUIRED_OPEN,NEWS_ARCHIVE_BACKLOG_STATUS=OPEN;SOURCE_INVENTORY_STATUS=NOT_CREATED,OPEN_AUTHENTICATED_CAPTURE_COMPLETE_ARCHIVE_PAGE_INVENTORY_ALL_ARTICLES_AND_PAGINATION,DURABLE_ARCHIVE_CAPTURE_ALL_ARTICLE_LINKS_INVENTORIED_PAGINATION_EXHAUSTED_AND_REVIEW_STATUS_RECONCILED
131,NEWS_ARCHIVE_PAGE,MGB-ARCHIVE-0025,June 2024,https://www.mygroundbiz.com/news?sort=Date&archive=2024-06&if=True,WAVE_2_NEWS_ARCHIVE_DISCOVERY,EXACT_MONTHLY_ARCHIVE_LINK_CAPTURED_FROM_FULLY_REVIEWED_CUSTOMER_ALERT_PAGE; archive content and child-article relevance remain unassessed; titles are discovery metadata only,,,,,,UNACQUIRED_OPEN,NEWS_ARCHIVE_BACKLOG_STATUS=OPEN;SOURCE_INVENTORY_STATUS=NOT_CREATED,OPEN_AUTHENTICATED_CAPTURE_COMPLETE_ARCHIVE_PAGE_INVENTORY_ALL_ARTICLES_AND_PAGINATION,DURABLE_ARCHIVE_CAPTURE_ALL_ARTICLE_LINKS_INVENTORIED_PAGINATION_EXHAUSTED_AND_REVIEW_STATUS_RECONCILED
132,NEWS_ARCHIVE_PAGE,MGB-ARCHIVE-0026,May 2024,https://www.mygroundbiz.com/news?sort=Date&archive=2024-05&if=True,WAVE_2_NEWS_ARCHIVE_DISCOVERY,EXACT_MONTHLY_ARCHIVE_LINK_CAPTURED_FROM_FULLY_REVIEWED_CUSTOMER_ALERT_PAGE; archive content and child-article relevance remain unassessed; titles are discovery metadata only,,,,,,UNACQUIRED_OPEN,NEWS_ARCHIVE_BACKLOG_STATUS=OPEN;SOURCE_INVENTORY_STATUS=NOT_CREATED,OPEN_AUTHENTICATED_CAPTURE_COMPLETE_ARCHIVE_PAGE_INVENTORY_ALL_ARTICLES_AND_PAGINATION,DURABLE_ARCHIVE_CAPTURE_ALL_ARTICLE_LINKS_INVENTORIED_PAGINATION_EXHAUSTED_AND_REVIEW_STATUS_RECONCILED
133,NEWS_ARCHIVE_PAGE,MGB-ARCHIVE-0027,April 2024,https://www.mygroundbiz.com/news?sort=Date&archive=2024-04&if=True,WAVE_2_NEWS_ARCHIVE_DISCOVERY,EXACT_MONTHLY_ARCHIVE_LINK_CAPTURED_FROM_FULLY_REVIEWED_CUSTOMER_ALERT_PAGE; archive content and child-article relevance remain unassessed; titles are discovery metadata only,,,,,,UNACQUIRED_OPEN,NEWS_ARCHIVE_BACKLOG_STATUS=OPEN;SOURCE_INVENTORY_STATUS=NOT_CREATED,OPEN_AUTHENTICATED_CAPTURE_COMPLETE_ARCHIVE_PAGE_INVENTORY_ALL_ARTICLES_AND_PAGINATION,DURABLE_ARCHIVE_CAPTURE_ALL_ARTICLE_LINKS_INVENTORIED_PAGINATION_EXHAUSTED_AND_REVIEW_STATUS_RECONCILED
134,NEWS_ARCHIVE_PAGE,MGB-ARCHIVE-0028,March 2024,https://www.mygroundbiz.com/news?sort=Date&archive=2024-03&if=True,WAVE_2_NEWS_ARCHIVE_DISCOVERY,EXACT_MONTHLY_ARCHIVE_LINK_CAPTURED_FROM_FULLY_REVIEWED_CUSTOMER_ALERT_PAGE; archive content and child-article relevance remain unassessed; titles are discovery metadata only,,,,,,UNACQUIRED_OPEN,NEWS_ARCHIVE_BACKLOG_STATUS=OPEN;SOURCE_INVENTORY_STATUS=NOT_CREATED,OPEN_AUTHENTICATED_CAPTURE_COMPLETE_ARCHIVE_PAGE_INVENTORY_ALL_ARTICLES_AND_PAGINATION,DURABLE_ARCHIVE_CAPTURE_ALL_ARTICLE_LINKS_INVENTORIED_PAGINATION_EXHAUSTED_AND_REVIEW_STATUS_RECONCILED
135,NEWS_ARCHIVE_PAGE,MGB-ARCHIVE-0029,February 2024,https://www.mygroundbiz.com/news?sort=Date&archive=2024-02&if=True,WAVE_2_NEWS_ARCHIVE_DISCOVERY,EXACT_MONTHLY_ARCHIVE_LINK_CAPTURED_FROM_FULLY_REVIEWED_CUSTOMER_ALERT_PAGE; archive content and child-article relevance remain unassessed; titles are discovery metadata only,,,,,,UNACQUIRED_OPEN,NEWS_ARCHIVE_BACKLOG_STATUS=OPEN;SOURCE_INVENTORY_STATUS=NOT_CREATED,OPEN_AUTHENTICATED_CAPTURE_COMPLETE_ARCHIVE_PAGE_INVENTORY_ALL_ARTICLES_AND_PAGINATION,DURABLE_ARCHIVE_CAPTURE_ALL_ARTICLE_LINKS_INVENTORIED_PAGINATION_EXHAUSTED_AND_REVIEW_STATUS_RECONCILED
136,NEWS_ARCHIVE_PAGE,MGB-ARCHIVE-0030,January 2024,https://www.mygroundbiz.com/news?sort=Date&archive=2024-01&if=True,WAVE_2_NEWS_ARCHIVE_DISCOVERY,EXACT_MONTHLY_ARCHIVE_LINK_CAPTURED_FROM_FULLY_REVIEWED_CUSTOMER_ALERT_PAGE; archive content and child-article relevance remain unassessed; titles are discovery metadata only,,,,,,UNACQUIRED_OPEN,NEWS_ARCHIVE_BACKLOG_STATUS=OPEN;SOURCE_INVENTORY_STATUS=NOT_CREATED,OPEN_AUTHENTICATED_CAPTURE_COMPLETE_ARCHIVE_PAGE_INVENTORY_ALL_ARTICLES_AND_PAGINATION,DURABLE_ARCHIVE_CAPTURE_ALL_ARTICLE_LINKS_INVENTORIED_PAGINATION_EXHAUSTED_AND_REVIEW_STATUS_RECONCILED
137,NEWS_ARCHIVE_PAGE,MGB-ARCHIVE-0031,December 2023,https://www.mygroundbiz.com/news?sort=Date&archive=2023-12&if=True,WAVE_2_NEWS_ARCHIVE_DISCOVERY,EXACT_MONTHLY_ARCHIVE_LINK_CAPTURED_FROM_FULLY_REVIEWED_CUSTOMER_ALERT_PAGE; archive content and child-article relevance remain unassessed; titles are discovery metadata only,,,,,,UNACQUIRED_OPEN,NEWS_ARCHIVE_BACKLOG_STATUS=OPEN;SOURCE_INVENTORY_STATUS=NOT_CREATED,OPEN_AUTHENTICATED_CAPTURE_COMPLETE_ARCHIVE_PAGE_INVENTORY_ALL_ARTICLES_AND_PAGINATION,DURABLE_ARCHIVE_CAPTURE_ALL_ARTICLE_LINKS_INVENTORIED_PAGINATION_EXHAUSTED_AND_REVIEW_STATUS_RECONCILED
138,NEWS_ARCHIVE_PAGE,MGB-ARCHIVE-0032,November 2023,https://www.mygroundbiz.com/news?sort=Date&archive=2023-11&if=True,WAVE_2_NEWS_ARCHIVE_DISCOVERY,EXACT_MONTHLY_ARCHIVE_LINK_CAPTURED_FROM_FULLY_REVIEWED_CUSTOMER_ALERT_PAGE; archive content and child-article relevance remain unassessed; titles are discovery metadata only,,,,,,UNACQUIRED_OPEN,NEWS_ARCHIVE_BACKLOG_STATUS=OPEN;SOURCE_INVENTORY_STATUS=NOT_CREATED,OPEN_AUTHENTICATED_CAPTURE_COMPLETE_ARCHIVE_PAGE_INVENTORY_ALL_ARTICLES_AND_PAGINATION,DURABLE_ARCHIVE_CAPTURE_ALL_ARTICLE_LINKS_INVENTORIED_PAGINATION_EXHAUSTED_AND_REVIEW_STATUS_RECONCILED
139,NEWS_ARCHIVE_PAGE,MGB-ARCHIVE-0033,October 2023,https://www.mygroundbiz.com/news?sort=Date&archive=2023-10&if=True,WAVE_2_NEWS_ARCHIVE_DISCOVERY,EXACT_MONTHLY_ARCHIVE_LINK_CAPTURED_FROM_FULLY_REVIEWED_CUSTOMER_ALERT_PAGE; archive content and child-article relevance remain unassessed; titles are discovery metadata only,,,,,,UNACQUIRED_OPEN,NEWS_ARCHIVE_BACKLOG_STATUS=OPEN;SOURCE_INVENTORY_STATUS=NOT_CREATED,OPEN_AUTHENTICATED_CAPTURE_COMPLETE_ARCHIVE_PAGE_INVENTORY_ALL_ARTICLES_AND_PAGINATION,DURABLE_ARCHIVE_CAPTURE_ALL_ARTICLE_LINKS_INVENTORIED_PAGINATION_EXHAUSTED_AND_REVIEW_STATUS_RECONCILED
140,NEWS_ARCHIVE_PAGE,MGB-ARCHIVE-0034,September 2023,https://www.mygroundbiz.com/news?sort=Date&archive=2023-09&if=True,WAVE_2_NEWS_ARCHIVE_DISCOVERY,EXACT_MONTHLY_ARCHIVE_LINK_CAPTURED_FROM_FULLY_REVIEWED_CUSTOMER_ALERT_PAGE; archive content and child-article relevance remain unassessed; titles are discovery metadata only,,,,,,UNACQUIRED_OPEN,NEWS_ARCHIVE_BACKLOG_STATUS=OPEN;SOURCE_INVENTORY_STATUS=NOT_CREATED,OPEN_AUTHENTICATED_CAPTURE_COMPLETE_ARCHIVE_PAGE_INVENTORY_ALL_ARTICLES_AND_PAGINATION,DURABLE_ARCHIVE_CAPTURE_ALL_ARTICLE_LINKS_INVENTORIED_PAGINATION_EXHAUSTED_AND_REVIEW_STATUS_RECONCILED
141,NEWS_ARCHIVE_PAGE,MGB-ARCHIVE-0035,August 2023,https://www.mygroundbiz.com/news?sort=Date&archive=2023-08&if=True,WAVE_2_NEWS_ARCHIVE_DISCOVERY,EXACT_MONTHLY_ARCHIVE_LINK_CAPTURED_FROM_FULLY_REVIEWED_CUSTOMER_ALERT_PAGE; archive content and child-article relevance remain unassessed; titles are discovery metadata only,,,,,,UNACQUIRED_OPEN,NEWS_ARCHIVE_BACKLOG_STATUS=OPEN;SOURCE_INVENTORY_STATUS=NOT_CREATED,OPEN_AUTHENTICATED_CAPTURE_COMPLETE_ARCHIVE_PAGE_INVENTORY_ALL_ARTICLES_AND_PAGINATION,DURABLE_ARCHIVE_CAPTURE_ALL_ARTICLE_LINKS_INVENTORIED_PAGINATION_EXHAUSTED_AND_REVIEW_STATUS_RECONCILED
142,NEWS_ARCHIVE_PAGE,MGB-ARCHIVE-0036,July 2023,https://www.mygroundbiz.com/news?sort=Date&archive=2023-07&if=True,WAVE_2_NEWS_ARCHIVE_DISCOVERY,EXACT_MONTHLY_ARCHIVE_LINK_CAPTURED_FROM_FULLY_REVIEWED_CUSTOMER_ALERT_PAGE; archive content and child-article relevance remain unassessed; titles are discovery metadata only,,,,,,UNACQUIRED_OPEN,NEWS_ARCHIVE_BACKLOG_STATUS=OPEN;SOURCE_INVENTORY_STATUS=NOT_CREATED,OPEN_AUTHENTICATED_CAPTURE_COMPLETE_ARCHIVE_PAGE_INVENTORY_ALL_ARTICLES_AND_PAGINATION,DURABLE_ARCHIVE_CAPTURE_ALL_ARTICLE_LINKS_INVENTORIED_PAGINATION_EXHAUSTED_AND_REVIEW_STATUS_RECONCILED
143,NEWS_ARCHIVE_PAGE,MGB-ARCHIVE-0037,June 2023,https://www.mygroundbiz.com/news?sort=Date&archive=2023-06&if=True,WAVE_2_NEWS_ARCHIVE_DISCOVERY,EXACT_MONTHLY_ARCHIVE_LINK_CAPTURED_FROM_FULLY_REVIEWED_CUSTOMER_ALERT_PAGE; archive content and child-article relevance remain unassessed; titles are discovery metadata only,,,,,,UNACQUIRED_OPEN,NEWS_ARCHIVE_BACKLOG_STATUS=OPEN;SOURCE_INVENTORY_STATUS=NOT_CREATED,OPEN_AUTHENTICATED_CAPTURE_COMPLETE_ARCHIVE_PAGE_INVENTORY_ALL_ARTICLES_AND_PAGINATION,DURABLE_ARCHIVE_CAPTURE_ALL_ARTICLE_LINKS_INVENTORIED_PAGINATION_EXHAUSTED_AND_REVIEW_STATUS_RECONCILED
144,NEWS_ARCHIVE_PAGE,MGB-ARCHIVE-0038,May 2023,https://www.mygroundbiz.com/news?sort=Date&archive=2023-05&if=True,WAVE_2_NEWS_ARCHIVE_DISCOVERY,EXACT_MONTHLY_ARCHIVE_LINK_CAPTURED_FROM_FULLY_REVIEWED_CUSTOMER_ALERT_PAGE; archive content and child-article relevance remain unassessed; titles are discovery metadata only,,,,,,UNACQUIRED_OPEN,NEWS_ARCHIVE_BACKLOG_STATUS=OPEN;SOURCE_INVENTORY_STATUS=NOT_CREATED,OPEN_AUTHENTICATED_CAPTURE_COMPLETE_ARCHIVE_PAGE_INVENTORY_ALL_ARTICLES_AND_PAGINATION,DURABLE_ARCHIVE_CAPTURE_ALL_ARTICLE_LINKS_INVENTORIED_PAGINATION_EXHAUSTED_AND_REVIEW_STATUS_RECONCILED
145,NEWS_ARCHIVE_PAGE,MGB-ARCHIVE-0039,April 2023,https://www.mygroundbiz.com/news?sort=Date&archive=2023-04&if=True,WAVE_2_NEWS_ARCHIVE_DISCOVERY,EXACT_MONTHLY_ARCHIVE_LINK_CAPTURED_FROM_FULLY_REVIEWED_CUSTOMER_ALERT_PAGE; archive content and child-article relevance remain unassessed; titles are discovery metadata only,,,,,,UNACQUIRED_OPEN,NEWS_ARCHIVE_BACKLOG_STATUS=OPEN;SOURCE_INVENTORY_STATUS=NOT_CREATED,OPEN_AUTHENTICATED_CAPTURE_COMPLETE_ARCHIVE_PAGE_INVENTORY_ALL_ARTICLES_AND_PAGINATION,DURABLE_ARCHIVE_CAPTURE_ALL_ARTICLE_LINKS_INVENTORIED_PAGINATION_EXHAUSTED_AND_REVIEW_STATUS_RECONCILED
146,NEWS_ARCHIVE_PAGE,MGB-ARCHIVE-0040,March 2023,https://www.mygroundbiz.com/news?sort=Date&archive=2023-03&if=True,WAVE_2_NEWS_ARCHIVE_DISCOVERY,EXACT_MONTHLY_ARCHIVE_LINK_CAPTURED_FROM_FULLY_REVIEWED_CUSTOMER_ALERT_PAGE; archive content and child-article relevance remain unassessed; titles are discovery metadata only,,,,,,UNACQUIRED_OPEN,NEWS_ARCHIVE_BACKLOG_STATUS=OPEN;SOURCE_INVENTORY_STATUS=NOT_CREATED,OPEN_AUTHENTICATED_CAPTURE_COMPLETE_ARCHIVE_PAGE_INVENTORY_ALL_ARTICLES_AND_PAGINATION,DURABLE_ARCHIVE_CAPTURE_ALL_ARTICLE_LINKS_INVENTORIED_PAGINATION_EXHAUSTED_AND_REVIEW_STATUS_RECONCILED
147,NEWS_ARCHIVE_PAGE,MGB-ARCHIVE-0041,February 2023,https://www.mygroundbiz.com/news?sort=Date&archive=2023-02&if=True,WAVE_2_NEWS_ARCHIVE_DISCOVERY,EXACT_MONTHLY_ARCHIVE_LINK_CAPTURED_FROM_FULLY_REVIEWED_CUSTOMER_ALERT_PAGE; archive content and child-article relevance remain unassessed; titles are discovery metadata only,,,,,,UNACQUIRED_OPEN,NEWS_ARCHIVE_BACKLOG_STATUS=OPEN;SOURCE_INVENTORY_STATUS=NOT_CREATED,OPEN_AUTHENTICATED_CAPTURE_COMPLETE_ARCHIVE_PAGE_INVENTORY_ALL_ARTICLES_AND_PAGINATION,DURABLE_ARCHIVE_CAPTURE_ALL_ARTICLE_LINKS_INVENTORIED_PAGINATION_EXHAUSTED_AND_REVIEW_STATUS_RECONCILED
148,NEWS_ARCHIVE_PAGE,MGB-ARCHIVE-0042,January 2023,https://www.mygroundbiz.com/news?sort=Date&archive=2023-01&if=True,WAVE_2_NEWS_ARCHIVE_DISCOVERY,EXACT_MONTHLY_ARCHIVE_LINK_CAPTURED_FROM_FULLY_REVIEWED_CUSTOMER_ALERT_PAGE; archive content and child-article relevance remain unassessed; titles are discovery metadata only,,,,,,UNACQUIRED_OPEN,NEWS_ARCHIVE_BACKLOG_STATUS=OPEN;SOURCE_INVENTORY_STATUS=NOT_CREATED,OPEN_AUTHENTICATED_CAPTURE_COMPLETE_ARCHIVE_PAGE_INVENTORY_ALL_ARTICLES_AND_PAGINATION,DURABLE_ARCHIVE_CAPTURE_ALL_ARTICLE_LINKS_INVENTORIED_PAGINATION_EXHAUSTED_AND_REVIEW_STATUS_RECONCILED
149,NEWS_ARCHIVE_PAGE,MGB-ARCHIVE-0043,December 2022,https://www.mygroundbiz.com/news?sort=Date&archive=2022-12&if=True,WAVE_2_NEWS_ARCHIVE_DISCOVERY,EXACT_MONTHLY_ARCHIVE_LINK_CAPTURED_FROM_FULLY_REVIEWED_CUSTOMER_ALERT_PAGE; archive content and child-article relevance remain unassessed; titles are discovery metadata only,,,,,,UNACQUIRED_OPEN,NEWS_ARCHIVE_BACKLOG_STATUS=OPEN;SOURCE_INVENTORY_STATUS=NOT_CREATED,OPEN_AUTHENTICATED_CAPTURE_COMPLETE_ARCHIVE_PAGE_INVENTORY_ALL_ARTICLES_AND_PAGINATION,DURABLE_ARCHIVE_CAPTURE_ALL_ARTICLE_LINKS_INVENTORIED_PAGINATION_EXHAUSTED_AND_REVIEW_STATUS_RECONCILED
150,NEWS_ARCHIVE_PAGE,MGB-ARCHIVE-0044,November 2022,https://www.mygroundbiz.com/news?sort=Date&archive=2022-11&if=True,WAVE_2_NEWS_ARCHIVE_DISCOVERY,EXACT_MONTHLY_ARCHIVE_LINK_CAPTURED_FROM_FULLY_REVIEWED_CUSTOMER_ALERT_PAGE; archive content and child-article relevance remain unassessed; titles are discovery metadata only,,,,,,UNACQUIRED_OPEN,NEWS_ARCHIVE_BACKLOG_STATUS=OPEN;SOURCE_INVENTORY_STATUS=NOT_CREATED,OPEN_AUTHENTICATED_CAPTURE_COMPLETE_ARCHIVE_PAGE_INVENTORY_ALL_ARTICLES_AND_PAGINATION,DURABLE_ARCHIVE_CAPTURE_ALL_ARTICLE_LINKS_INVENTORIED_PAGINATION_EXHAUSTED_AND_REVIEW_STATUS_RECONCILED
151,NEWS_ARCHIVE_PAGE,MGB-ARCHIVE-0045,October 2022,https://www.mygroundbiz.com/news?sort=Date&archive=2022-10&if=True,WAVE_2_NEWS_ARCHIVE_DISCOVERY,EXACT_MONTHLY_ARCHIVE_LINK_CAPTURED_FROM_FULLY_REVIEWED_CUSTOMER_ALERT_PAGE; archive content and child-article relevance remain unassessed; titles are discovery metadata only,,,,,,UNACQUIRED_OPEN,NEWS_ARCHIVE_BACKLOG_STATUS=OPEN;SOURCE_INVENTORY_STATUS=NOT_CREATED,OPEN_AUTHENTICATED_CAPTURE_COMPLETE_ARCHIVE_PAGE_INVENTORY_ALL_ARTICLES_AND_PAGINATION,DURABLE_ARCHIVE_CAPTURE_ALL_ARTICLE_LINKS_INVENTORIED_PAGINATION_EXHAUSTED_AND_REVIEW_STATUS_RECONCILED
152,NEWS_ARCHIVE_PAGE,MGB-ARCHIVE-0046,September 2022,https://www.mygroundbiz.com/news?sort=Date&archive=2022-09&if=True,WAVE_2_NEWS_ARCHIVE_DISCOVERY,EXACT_MONTHLY_ARCHIVE_LINK_CAPTURED_FROM_FULLY_REVIEWED_CUSTOMER_ALERT_PAGE; archive content and child-article relevance remain unassessed; titles are discovery metadata only,,,,,,UNACQUIRED_OPEN,NEWS_ARCHIVE_BACKLOG_STATUS=OPEN;SOURCE_INVENTORY_STATUS=NOT_CREATED,OPEN_AUTHENTICATED_CAPTURE_COMPLETE_ARCHIVE_PAGE_INVENTORY_ALL_ARTICLES_AND_PAGINATION,DURABLE_ARCHIVE_CAPTURE_ALL_ARTICLE_LINKS_INVENTORIED_PAGINATION_EXHAUSTED_AND_REVIEW_STATUS_RECONCILED
153,NEWS_ARCHIVE_PAGE,MGB-ARCHIVE-0047,August 2022,https://www.mygroundbiz.com/news?sort=Date&archive=2022-08&if=True,WAVE_2_NEWS_ARCHIVE_DISCOVERY,EXACT_MONTHLY_ARCHIVE_LINK_CAPTURED_FROM_FULLY_REVIEWED_CUSTOMER_ALERT_PAGE; archive content and child-article relevance remain unassessed; titles are discovery metadata only,,,,,,UNACQUIRED_OPEN,NEWS_ARCHIVE_BACKLOG_STATUS=OPEN;SOURCE_INVENTORY_STATUS=NOT_CREATED,OPEN_AUTHENTICATED_CAPTURE_COMPLETE_ARCHIVE_PAGE_INVENTORY_ALL_ARTICLES_AND_PAGINATION,DURABLE_ARCHIVE_CAPTURE_ALL_ARTICLE_LINKS_INVENTORIED_PAGINATION_EXHAUSTED_AND_REVIEW_STATUS_RECONCILED
154,NEWS_ARCHIVE_PAGE,MGB-ARCHIVE-0048,July 2022,https://www.mygroundbiz.com/news?sort=Date&archive=2022-07&if=True,WAVE_2_NEWS_ARCHIVE_DISCOVERY,EXACT_MONTHLY_ARCHIVE_LINK_CAPTURED_FROM_FULLY_REVIEWED_CUSTOMER_ALERT_PAGE; archive content and child-article relevance remain unassessed; titles are discovery metadata only,,,,,,UNACQUIRED_OPEN,NEWS_ARCHIVE_BACKLOG_STATUS=OPEN;SOURCE_INVENTORY_STATUS=NOT_CREATED,OPEN_AUTHENTICATED_CAPTURE_COMPLETE_ARCHIVE_PAGE_INVENTORY_ALL_ARTICLES_AND_PAGINATION,DURABLE_ARCHIVE_CAPTURE_ALL_ARTICLE_LINKS_INVENTORIED_PAGINATION_EXHAUSTED_AND_REVIEW_STATUS_RECONCILED
155,NEWS_ARCHIVE_PAGE,MGB-ARCHIVE-0049,June 2022,https://www.mygroundbiz.com/news?sort=Date&archive=2022-06&if=True,WAVE_2_NEWS_ARCHIVE_DISCOVERY,EXACT_MONTHLY_ARCHIVE_LINK_CAPTURED_FROM_FULLY_REVIEWED_CUSTOMER_ALERT_PAGE; archive content and child-article relevance remain unassessed; titles are discovery metadata only,,,,,,UNACQUIRED_OPEN,NEWS_ARCHIVE_BACKLOG_STATUS=OPEN;SOURCE_INVENTORY_STATUS=NOT_CREATED,OPEN_AUTHENTICATED_CAPTURE_COMPLETE_ARCHIVE_PAGE_INVENTORY_ALL_ARTICLES_AND_PAGINATION,DURABLE_ARCHIVE_CAPTURE_ALL_ARTICLE_LINKS_INVENTORIED_PAGINATION_EXHAUSTED_AND_REVIEW_STATUS_RECONCILED
156,NEWS_ARCHIVE_PAGE,MGB-ARCHIVE-0050,May 2022,https://www.mygroundbiz.com/news?sort=Date&archive=2022-05&if=True,WAVE_2_NEWS_ARCHIVE_DISCOVERY,EXACT_MONTHLY_ARCHIVE_LINK_CAPTURED_FROM_FULLY_REVIEWED_CUSTOMER_ALERT_PAGE; archive content and child-article relevance remain unassessed; titles are discovery metadata only,,,,,,UNACQUIRED_OPEN,NEWS_ARCHIVE_BACKLOG_STATUS=OPEN;SOURCE_INVENTORY_STATUS=NOT_CREATED,OPEN_AUTHENTICATED_CAPTURE_COMPLETE_ARCHIVE_PAGE_INVENTORY_ALL_ARTICLES_AND_PAGINATION,DURABLE_ARCHIVE_CAPTURE_ALL_ARTICLE_LINKS_INVENTORIED_PAGINATION_EXHAUSTED_AND_REVIEW_STATUS_RECONCILED
157,NEWS_ARCHIVE_PAGE,MGB-ARCHIVE-0051,April 2022,https://www.mygroundbiz.com/news?sort=Date&archive=2022-04&if=True,WAVE_2_NEWS_ARCHIVE_DISCOVERY,EXACT_MONTHLY_ARCHIVE_LINK_CAPTURED_FROM_FULLY_REVIEWED_CUSTOMER_ALERT_PAGE; archive content and child-article relevance remain unassessed; titles are discovery metadata only,,,,,,UNACQUIRED_OPEN,NEWS_ARCHIVE_BACKLOG_STATUS=OPEN;SOURCE_INVENTORY_STATUS=NOT_CREATED,OPEN_AUTHENTICATED_CAPTURE_COMPLETE_ARCHIVE_PAGE_INVENTORY_ALL_ARTICLES_AND_PAGINATION,DURABLE_ARCHIVE_CAPTURE_ALL_ARTICLE_LINKS_INVENTORIED_PAGINATION_EXHAUSTED_AND_REVIEW_STATUS_RECONCILED
158,NEWS_ARCHIVE_PAGE,MGB-ARCHIVE-0052,March 2022,https://www.mygroundbiz.com/news?sort=Date&archive=2022-03&if=True,WAVE_2_NEWS_ARCHIVE_DISCOVERY,EXACT_MONTHLY_ARCHIVE_LINK_CAPTURED_FROM_FULLY_REVIEWED_CUSTOMER_ALERT_PAGE; archive content and child-article relevance remain unassessed; titles are discovery metadata only,,,,,,UNACQUIRED_OPEN,NEWS_ARCHIVE_BACKLOG_STATUS=OPEN;SOURCE_INVENTORY_STATUS=NOT_CREATED,OPEN_AUTHENTICATED_CAPTURE_COMPLETE_ARCHIVE_PAGE_INVENTORY_ALL_ARTICLES_AND_PAGINATION,DURABLE_ARCHIVE_CAPTURE_ALL_ARTICLE_LINKS_INVENTORIED_PAGINATION_EXHAUSTED_AND_REVIEW_STATUS_RECONCILED
159,NEWS_ARCHIVE_PAGE,MGB-ARCHIVE-0053,February 2022,https://www.mygroundbiz.com/news?sort=Date&archive=2022-02&if=True,WAVE_2_NEWS_ARCHIVE_DISCOVERY,EXACT_MONTHLY_ARCHIVE_LINK_CAPTURED_FROM_FULLY_REVIEWED_CUSTOMER_ALERT_PAGE; archive content and child-article relevance remain unassessed; titles are discovery metadata only,,,,,,UNACQUIRED_OPEN,NEWS_ARCHIVE_BACKLOG_STATUS=OPEN;SOURCE_INVENTORY_STATUS=NOT_CREATED,OPEN_AUTHENTICATED_CAPTURE_COMPLETE_ARCHIVE_PAGE_INVENTORY_ALL_ARTICLES_AND_PAGINATION,DURABLE_ARCHIVE_CAPTURE_ALL_ARTICLE_LINKS_INVENTORIED_PAGINATION_EXHAUSTED_AND_REVIEW_STATUS_RECONCILED
160,NEWS_ARCHIVE_PAGE,MGB-ARCHIVE-0054,January 2022,https://www.mygroundbiz.com/news?sort=Date&archive=2022-01&if=True,WAVE_2_NEWS_ARCHIVE_DISCOVERY,EXACT_MONTHLY_ARCHIVE_LINK_CAPTURED_FROM_FULLY_REVIEWED_CUSTOMER_ALERT_PAGE; archive content and child-article relevance remain unassessed; titles are discovery metadata only,,,,,,UNACQUIRED_OPEN,NEWS_ARCHIVE_BACKLOG_STATUS=OPEN;SOURCE_INVENTORY_STATUS=NOT_CREATED,OPEN_AUTHENTICATED_CAPTURE_COMPLETE_ARCHIVE_PAGE_INVENTORY_ALL_ARTICLES_AND_PAGINATION,DURABLE_ARCHIVE_CAPTURE_ALL_ARTICLE_LINKS_INVENTORIED_PAGINATION_EXHAUSTED_AND_REVIEW_STATUS_RECONCILED
161,NEWS_ARCHIVE_PAGE,MGB-ARCHIVE-0055,August 2021,https://www.mygroundbiz.com/news?sort=Date&archive=2021-08&if=True,WAVE_2_NEWS_ARCHIVE_DISCOVERY,EXACT_MONTHLY_ARCHIVE_LINK_CAPTURED_FROM_FULLY_REVIEWED_CUSTOMER_ALERT_PAGE; archive content and child-article relevance remain unassessed; titles are discovery metadata only,,,,,,UNACQUIRED_OPEN,NEWS_ARCHIVE_BACKLOG_STATUS=OPEN;SOURCE_INVENTORY_STATUS=NOT_CREATED,OPEN_AUTHENTICATED_CAPTURE_COMPLETE_ARCHIVE_PAGE_INVENTORY_ALL_ARTICLES_AND_PAGINATION,DURABLE_ARCHIVE_CAPTURE_ALL_ARTICLE_LINKS_INVENTORIED_PAGINATION_EXHAUSTED_AND_REVIEW_STATUS_RECONCILED
162,NEWS_ARCHIVE_PAGE,MGB-ARCHIVE-0056,July 2019,https://www.mygroundbiz.com/news?sort=Date&archive=2019-07&if=True,WAVE_2_NEWS_ARCHIVE_DISCOVERY,EXACT_MONTHLY_ARCHIVE_LINK_CAPTURED_FROM_FULLY_REVIEWED_CUSTOMER_ALERT_PAGE; archive content and child-article relevance remain unassessed; titles are discovery metadata only,,,,,,UNACQUIRED_OPEN,NEWS_ARCHIVE_BACKLOG_STATUS=OPEN;SOURCE_INVENTORY_STATUS=NOT_CREATED,OPEN_AUTHENTICATED_CAPTURE_COMPLETE_ARCHIVE_PAGE_INVENTORY_ALL_ARTICLES_AND_PAGINATION,DURABLE_ARCHIVE_CAPTURE_ALL_ARTICLE_LINKS_INVENTORIED_PAGINATION_EXHAUSTED_AND_REVIEW_STATUS_RECONCILED
163,NEWS_ARCHIVE_PAGE,MGB-ARCHIVE-0057,June 2019,https://www.mygroundbiz.com/news?sort=Date&archive=2019-06&if=True,WAVE_2_NEWS_ARCHIVE_DISCOVERY,EXACT_MONTHLY_ARCHIVE_LINK_CAPTURED_FROM_FULLY_REVIEWED_CUSTOMER_ALERT_PAGE; archive content and child-article relevance remain unassessed; titles are discovery metadata only,,,,,,UNACQUIRED_OPEN,NEWS_ARCHIVE_BACKLOG_STATUS=OPEN;SOURCE_INVENTORY_STATUS=NOT_CREATED,OPEN_AUTHENTICATED_CAPTURE_COMPLETE_ARCHIVE_PAGE_INVENTORY_ALL_ARTICLES_AND_PAGINATION,DURABLE_ARCHIVE_CAPTURE_ALL_ARTICLE_LINKS_INVENTORIED_PAGINATION_EXHAUSTED_AND_REVIEW_STATUS_RECONCILED
164,NEWS_ARCHIVE_PAGE,MGB-ARCHIVE-0058,May 2019,https://www.mygroundbiz.com/news?sort=Date&archive=2019-05&if=True,WAVE_2_NEWS_ARCHIVE_DISCOVERY,EXACT_MONTHLY_ARCHIVE_LINK_CAPTURED_FROM_FULLY_REVIEWED_CUSTOMER_ALERT_PAGE; archive content and child-article relevance remain unassessed; titles are discovery metadata only,,,,,,UNACQUIRED_OPEN,NEWS_ARCHIVE_BACKLOG_STATUS=OPEN;SOURCE_INVENTORY_STATUS=NOT_CREATED,OPEN_AUTHENTICATED_CAPTURE_COMPLETE_ARCHIVE_PAGE_INVENTORY_ALL_ARTICLES_AND_PAGINATION,DURABLE_ARCHIVE_CAPTURE_ALL_ARTICLE_LINKS_INVENTORIED_PAGINATION_EXHAUSTED_AND_REVIEW_STATUS_RECONCILED
165,NEWS_ARCHIVE_PAGE,MGB-ARCHIVE-0059,April 2019,https://www.mygroundbiz.com/news?sort=Date&archive=2019-04&if=True,WAVE_2_NEWS_ARCHIVE_DISCOVERY,EXACT_MONTHLY_ARCHIVE_LINK_CAPTURED_FROM_FULLY_REVIEWED_CUSTOMER_ALERT_PAGE; archive content and child-article relevance remain unassessed; titles are discovery metadata only,,,,,,UNACQUIRED_OPEN,NEWS_ARCHIVE_BACKLOG_STATUS=OPEN;SOURCE_INVENTORY_STATUS=NOT_CREATED,OPEN_AUTHENTICATED_CAPTURE_COMPLETE_ARCHIVE_PAGE_INVENTORY_ALL_ARTICLES_AND_PAGINATION,DURABLE_ARCHIVE_CAPTURE_ALL_ARTICLE_LINKS_INVENTORIED_PAGINATION_EXHAUSTED_AND_REVIEW_STATUS_RECONCILED
166,NEWS_ARCHIVE_PAGE,MGB-ARCHIVE-0060,March 2019,https://www.mygroundbiz.com/news?sort=Date&archive=2019-03&if=True,WAVE_2_NEWS_ARCHIVE_DISCOVERY,EXACT_MONTHLY_ARCHIVE_LINK_CAPTURED_FROM_FULLY_REVIEWED_CUSTOMER_ALERT_PAGE; archive content and child-article relevance remain unassessed; titles are discovery metadata only,,,,,,UNACQUIRED_OPEN,NEWS_ARCHIVE_BACKLOG_STATUS=OPEN;SOURCE_INVENTORY_STATUS=NOT_CREATED,OPEN_AUTHENTICATED_CAPTURE_COMPLETE_ARCHIVE_PAGE_INVENTORY_ALL_ARTICLES_AND_PAGINATION,DURABLE_ARCHIVE_CAPTURE_ALL_ARTICLE_LINKS_INVENTORIED_PAGINATION_EXHAUSTED_AND_REVIEW_STATUS_RECONCILED
167,NEWS_ARCHIVE_PAGE,MGB-ARCHIVE-0061,February 2019,https://www.mygroundbiz.com/news?sort=Date&archive=2019-02&if=True,WAVE_2_NEWS_ARCHIVE_DISCOVERY,EXACT_MONTHLY_ARCHIVE_LINK_CAPTURED_FROM_FULLY_REVIEWED_CUSTOMER_ALERT_PAGE; archive content and child-article relevance remain unassessed; titles are discovery metadata only,,,,,,UNACQUIRED_OPEN,NEWS_ARCHIVE_BACKLOG_STATUS=OPEN;SOURCE_INVENTORY_STATUS=NOT_CREATED,OPEN_AUTHENTICATED_CAPTURE_COMPLETE_ARCHIVE_PAGE_INVENTORY_ALL_ARTICLES_AND_PAGINATION,DURABLE_ARCHIVE_CAPTURE_ALL_ARTICLE_LINKS_INVENTORIED_PAGINATION_EXHAUSTED_AND_REVIEW_STATUS_RECONCILED
168,NEWS_ARCHIVE_PAGE,MGB-ARCHIVE-0062,January 2019,https://www.mygroundbiz.com/news?sort=Date&archive=2019-01&if=True,WAVE_2_NEWS_ARCHIVE_DISCOVERY,EXACT_MONTHLY_ARCHIVE_LINK_CAPTURED_FROM_FULLY_REVIEWED_CUSTOMER_ALERT_PAGE; archive content and child-article relevance remain unassessed; titles are discovery metadata only,,,,,,UNACQUIRED_OPEN,NEWS_ARCHIVE_BACKLOG_STATUS=OPEN;SOURCE_INVENTORY_STATUS=NOT_CREATED,OPEN_AUTHENTICATED_CAPTURE_COMPLETE_ARCHIVE_PAGE_INVENTORY_ALL_ARTICLES_AND_PAGINATION,DURABLE_ARCHIVE_CAPTURE_ALL_ARTICLE_LINKS_INVENTORIED_PAGINATION_EXHAUSTED_AND_REVIEW_STATUS_RECONCILED
169,NEWS_ARCHIVE_PAGE,MGB-ARCHIVE-0063,December 2018,https://www.mygroundbiz.com/news?sort=Date&archive=2018-12&if=True,WAVE_2_NEWS_ARCHIVE_DISCOVERY,EXACT_MONTHLY_ARCHIVE_LINK_CAPTURED_FROM_FULLY_REVIEWED_CUSTOMER_ALERT_PAGE; archive content and child-article relevance remain unassessed; titles are discovery metadata only,,,,,,UNACQUIRED_OPEN,NEWS_ARCHIVE_BACKLOG_STATUS=OPEN;SOURCE_INVENTORY_STATUS=NOT_CREATED,OPEN_AUTHENTICATED_CAPTURE_COMPLETE_ARCHIVE_PAGE_INVENTORY_ALL_ARTICLES_AND_PAGINATION,DURABLE_ARCHIVE_CAPTURE_ALL_ARTICLE_LINKS_INVENTORIED_PAGINATION_EXHAUSTED_AND_REVIEW_STATUS_RECONCILED
170,NEWS_ARCHIVE_PAGE,MGB-ARCHIVE-0064,November 2018,https://www.mygroundbiz.com/news?sort=Date&archive=2018-11&if=True,WAVE_2_NEWS_ARCHIVE_DISCOVERY,EXACT_MONTHLY_ARCHIVE_LINK_CAPTURED_FROM_FULLY_REVIEWED_CUSTOMER_ALERT_PAGE; archive content and child-article relevance remain unassessed; titles are discovery metadata only,,,,,,UNACQUIRED_OPEN,NEWS_ARCHIVE_BACKLOG_STATUS=OPEN;SOURCE_INVENTORY_STATUS=NOT_CREATED,OPEN_AUTHENTICATED_CAPTURE_COMPLETE_ARCHIVE_PAGE_INVENTORY_ALL_ARTICLES_AND_PAGINATION,DURABLE_ARCHIVE_CAPTURE_ALL_ARTICLE_LINKS_INVENTORIED_PAGINATION_EXHAUSTED_AND_REVIEW_STATUS_RECONCILED
171,NEWS_ARCHIVE_PAGE,MGB-ARCHIVE-0065,October 2018,https://www.mygroundbiz.com/news?sort=Date&archive=2018-10&if=True,WAVE_2_NEWS_ARCHIVE_DISCOVERY,EXACT_MONTHLY_ARCHIVE_LINK_CAPTURED_FROM_FULLY_REVIEWED_CUSTOMER_ALERT_PAGE; archive content and child-article relevance remain unassessed; titles are discovery metadata only,,,,,,UNACQUIRED_OPEN,NEWS_ARCHIVE_BACKLOG_STATUS=OPEN;SOURCE_INVENTORY_STATUS=NOT_CREATED,OPEN_AUTHENTICATED_CAPTURE_COMPLETE_ARCHIVE_PAGE_INVENTORY_ALL_ARTICLES_AND_PAGINATION,DURABLE_ARCHIVE_CAPTURE_ALL_ARTICLE_LINKS_INVENTORIED_PAGINATION_EXHAUSTED_AND_REVIEW_STATUS_RECONCILED
172,NEWS_ARCHIVE_PAGE,MGB-ARCHIVE-0066,September 2018,https://www.mygroundbiz.com/news?sort=Date&archive=2018-09&if=True,WAVE_2_NEWS_ARCHIVE_DISCOVERY,EXACT_MONTHLY_ARCHIVE_LINK_CAPTURED_FROM_FULLY_REVIEWED_CUSTOMER_ALERT_PAGE; archive content and child-article relevance remain unassessed; titles are discovery metadata only,,,,,,UNACQUIRED_OPEN,NEWS_ARCHIVE_BACKLOG_STATUS=OPEN;SOURCE_INVENTORY_STATUS=NOT_CREATED,OPEN_AUTHENTICATED_CAPTURE_COMPLETE_ARCHIVE_PAGE_INVENTORY_ALL_ARTICLES_AND_PAGINATION,DURABLE_ARCHIVE_CAPTURE_ALL_ARTICLE_LINKS_INVENTORIED_PAGINATION_EXHAUSTED_AND_REVIEW_STATUS_RECONCILED
173,NEWS_ARCHIVE_PAGE,MGB-ARCHIVE-0067,August 2018,https://www.mygroundbiz.com/news?sort=Date&archive=2018-08&if=True,WAVE_2_NEWS_ARCHIVE_DISCOVERY,EXACT_MONTHLY_ARCHIVE_LINK_CAPTURED_FROM_FULLY_REVIEWED_CUSTOMER_ALERT_PAGE; archive content and child-article relevance remain unassessed; titles are discovery metadata only,,,,,,UNACQUIRED_OPEN,NEWS_ARCHIVE_BACKLOG_STATUS=OPEN;SOURCE_INVENTORY_STATUS=NOT_CREATED,OPEN_AUTHENTICATED_CAPTURE_COMPLETE_ARCHIVE_PAGE_INVENTORY_ALL_ARTICLES_AND_PAGINATION,DURABLE_ARCHIVE_CAPTURE_ALL_ARTICLE_LINKS_INVENTORIED_PAGINATION_EXHAUSTED_AND_REVIEW_STATUS_RECONCILED
174,NEWS_ARCHIVE_PAGE,MGB-ARCHIVE-0068,July 2018,https://www.mygroundbiz.com/news?sort=Date&archive=2018-07&if=True,WAVE_2_NEWS_ARCHIVE_DISCOVERY,EXACT_MONTHLY_ARCHIVE_LINK_CAPTURED_FROM_FULLY_REVIEWED_CUSTOMER_ALERT_PAGE; archive content and child-article relevance remain unassessed; titles are discovery metadata only,,,,,,UNACQUIRED_OPEN,NEWS_ARCHIVE_BACKLOG_STATUS=OPEN;SOURCE_INVENTORY_STATUS=NOT_CREATED,OPEN_AUTHENTICATED_CAPTURE_COMPLETE_ARCHIVE_PAGE_INVENTORY_ALL_ARTICLES_AND_PAGINATION,DURABLE_ARCHIVE_CAPTURE_ALL_ARTICLE_LINKS_INVENTORIED_PAGINATION_EXHAUSTED_AND_REVIEW_STATUS_RECONCILED
175,NEWS_ARCHIVE_PAGE,MGB-ARCHIVE-0069,June 2018,https://www.mygroundbiz.com/news?sort=Date&archive=2018-06&if=True,WAVE_2_NEWS_ARCHIVE_DISCOVERY,EXACT_MONTHLY_ARCHIVE_LINK_CAPTURED_FROM_FULLY_REVIEWED_CUSTOMER_ALERT_PAGE; archive content and child-article relevance remain unassessed; titles are discovery metadata only,,,,,,UNACQUIRED_OPEN,NEWS_ARCHIVE_BACKLOG_STATUS=OPEN;SOURCE_INVENTORY_STATUS=NOT_CREATED,OPEN_AUTHENTICATED_CAPTURE_COMPLETE_ARCHIVE_PAGE_INVENTORY_ALL_ARTICLES_AND_PAGINATION,DURABLE_ARCHIVE_CAPTURE_ALL_ARTICLE_LINKS_INVENTORIED_PAGINATION_EXHAUSTED_AND_REVIEW_STATUS_RECONCILED
176,NEWS_ARCHIVE_PAGE,MGB-ARCHIVE-0070,May 2018,https://www.mygroundbiz.com/news?sort=Date&archive=2018-05&if=True,WAVE_2_NEWS_ARCHIVE_DISCOVERY,EXACT_MONTHLY_ARCHIVE_LINK_CAPTURED_FROM_FULLY_REVIEWED_CUSTOMER_ALERT_PAGE; archive content and child-article relevance remain unassessed; titles are discovery metadata only,,,,,,UNACQUIRED_OPEN,NEWS_ARCHIVE_BACKLOG_STATUS=OPEN;SOURCE_INVENTORY_STATUS=NOT_CREATED,OPEN_AUTHENTICATED_CAPTURE_COMPLETE_ARCHIVE_PAGE_INVENTORY_ALL_ARTICLES_AND_PAGINATION,DURABLE_ARCHIVE_CAPTURE_ALL_ARTICLE_LINKS_INVENTORIED_PAGINATION_EXHAUSTED_AND_REVIEW_STATUS_RECONCILED
177,NEWS_ARCHIVE_PAGE,MGB-ARCHIVE-0071,April 2018,https://www.mygroundbiz.com/news?sort=Date&archive=2018-04&if=True,WAVE_2_NEWS_ARCHIVE_DISCOVERY,EXACT_MONTHLY_ARCHIVE_LINK_CAPTURED_FROM_FULLY_REVIEWED_CUSTOMER_ALERT_PAGE; archive content and child-article relevance remain unassessed; titles are discovery metadata only,,,,,,UNACQUIRED_OPEN,NEWS_ARCHIVE_BACKLOG_STATUS=OPEN;SOURCE_INVENTORY_STATUS=NOT_CREATED,OPEN_AUTHENTICATED_CAPTURE_COMPLETE_ARCHIVE_PAGE_INVENTORY_ALL_ARTICLES_AND_PAGINATION,DURABLE_ARCHIVE_CAPTURE_ALL_ARTICLE_LINKS_INVENTORIED_PAGINATION_EXHAUSTED_AND_REVIEW_STATUS_RECONCILED
178,NEWS_ARCHIVE_PAGE,MGB-ARCHIVE-0072,March 2018,https://www.mygroundbiz.com/news?sort=Date&archive=2018-03&if=True,WAVE_2_NEWS_ARCHIVE_DISCOVERY,EXACT_MONTHLY_ARCHIVE_LINK_CAPTURED_FROM_FULLY_REVIEWED_CUSTOMER_ALERT_PAGE; archive content and child-article relevance remain unassessed; titles are discovery metadata only,,,,,,UNACQUIRED_OPEN,NEWS_ARCHIVE_BACKLOG_STATUS=OPEN;SOURCE_INVENTORY_STATUS=NOT_CREATED,OPEN_AUTHENTICATED_CAPTURE_COMPLETE_ARCHIVE_PAGE_INVENTORY_ALL_ARTICLES_AND_PAGINATION,DURABLE_ARCHIVE_CAPTURE_ALL_ARTICLE_LINKS_INVENTORIED_PAGINATION_EXHAUSTED_AND_REVIEW_STATUS_RECONCILED
179,NEWS_ARCHIVE_PAGE,MGB-ARCHIVE-0073,February 2018,https://www.mygroundbiz.com/news?sort=Date&archive=2018-02&if=True,WAVE_2_NEWS_ARCHIVE_DISCOVERY,EXACT_MONTHLY_ARCHIVE_LINK_CAPTURED_FROM_FULLY_REVIEWED_CUSTOMER_ALERT_PAGE; archive content and child-article relevance remain unassessed; titles are discovery metadata only,,,,,,UNACQUIRED_OPEN,NEWS_ARCHIVE_BACKLOG_STATUS=OPEN;SOURCE_INVENTORY_STATUS=NOT_CREATED,OPEN_AUTHENTICATED_CAPTURE_COMPLETE_ARCHIVE_PAGE_INVENTORY_ALL_ARTICLES_AND_PAGINATION,DURABLE_ARCHIVE_CAPTURE_ALL_ARTICLE_LINKS_INVENTORIED_PAGINATION_EXHAUSTED_AND_REVIEW_STATUS_RECONCILED
180,NEWS_ARCHIVE_PAGE,MGB-ARCHIVE-0074,January 2018,https://www.mygroundbiz.com/news?sort=Date&archive=2018-01&if=True,WAVE_2_NEWS_ARCHIVE_DISCOVERY,EXACT_MONTHLY_ARCHIVE_LINK_CAPTURED_FROM_FULLY_REVIEWED_CUSTOMER_ALERT_PAGE; archive content and child-article relevance remain unassessed; titles are discovery metadata only,,,,,,UNACQUIRED_OPEN,NEWS_ARCHIVE_BACKLOG_STATUS=OPEN;SOURCE_INVENTORY_STATUS=NOT_CREATED,OPEN_AUTHENTICATED_CAPTURE_COMPLETE_ARCHIVE_PAGE_INVENTORY_ALL_ARTICLES_AND_PAGINATION,DURABLE_ARCHIVE_CAPTURE_ALL_ARTICLE_LINKS_INVENTORIED_PAGINATION_EXHAUSTED_AND_REVIEW_STATUS_RECONCILED
181,NEWS_ARCHIVE_PAGE,MGB-ARCHIVE-0075,December 2017,https://www.mygroundbiz.com/news?sort=Date&archive=2017-12&if=True,WAVE_2_NEWS_ARCHIVE_DISCOVERY,EXACT_MONTHLY_ARCHIVE_LINK_CAPTURED_FROM_FULLY_REVIEWED_CUSTOMER_ALERT_PAGE; archive content and child-article relevance remain unassessed; titles are discovery metadata only,,,,,,UNACQUIRED_OPEN,NEWS_ARCHIVE_BACKLOG_STATUS=OPEN;SOURCE_INVENTORY_STATUS=NOT_CREATED,OPEN_AUTHENTICATED_CAPTURE_COMPLETE_ARCHIVE_PAGE_INVENTORY_ALL_ARTICLES_AND_PAGINATION,DURABLE_ARCHIVE_CAPTURE_ALL_ARTICLE_LINKS_INVENTORIED_PAGINATION_EXHAUSTED_AND_REVIEW_STATUS_RECONCILED
182,NEWS_ARCHIVE_PAGE,MGB-ARCHIVE-0076,November 2017,https://www.mygroundbiz.com/news?sort=Date&archive=2017-11&if=True,WAVE_2_NEWS_ARCHIVE_DISCOVERY,EXACT_MONTHLY_ARCHIVE_LINK_CAPTURED_FROM_FULLY_REVIEWED_CUSTOMER_ALERT_PAGE; archive content and child-article relevance remain unassessed; titles are discovery metadata only,,,,,,UNACQUIRED_OPEN,NEWS_ARCHIVE_BACKLOG_STATUS=OPEN;SOURCE_INVENTORY_STATUS=NOT_CREATED,OPEN_AUTHENTICATED_CAPTURE_COMPLETE_ARCHIVE_PAGE_INVENTORY_ALL_ARTICLES_AND_PAGINATION,DURABLE_ARCHIVE_CAPTURE_ALL_ARTICLE_LINKS_INVENTORIED_PAGINATION_EXHAUSTED_AND_REVIEW_STATUS_RECONCILED
183,NEWS_ARCHIVE_PAGE,MGB-ARCHIVE-0077,October 2017,https://www.mygroundbiz.com/news?sort=Date&archive=2017-10&if=True,WAVE_2_NEWS_ARCHIVE_DISCOVERY,EXACT_MONTHLY_ARCHIVE_LINK_CAPTURED_FROM_FULLY_REVIEWED_CUSTOMER_ALERT_PAGE; archive content and child-article relevance remain unassessed; titles are discovery metadata only,,,,,,UNACQUIRED_OPEN,NEWS_ARCHIVE_BACKLOG_STATUS=OPEN;SOURCE_INVENTORY_STATUS=NOT_CREATED,OPEN_AUTHENTICATED_CAPTURE_COMPLETE_ARCHIVE_PAGE_INVENTORY_ALL_ARTICLES_AND_PAGINATION,DURABLE_ARCHIVE_CAPTURE_ALL_ARTICLE_LINKS_INVENTORIED_PAGINATION_EXHAUSTED_AND_REVIEW_STATUS_RECONCILED
184,NEWS_ARCHIVE_PAGE,MGB-ARCHIVE-0078,September 2017,https://www.mygroundbiz.com/news?sort=Date&archive=2017-09&if=True,WAVE_2_NEWS_ARCHIVE_DISCOVERY,EXACT_MONTHLY_ARCHIVE_LINK_CAPTURED_FROM_FULLY_REVIEWED_CUSTOMER_ALERT_PAGE; archive content and child-article relevance remain unassessed; titles are discovery metadata only,,,,,,UNACQUIRED_OPEN,NEWS_ARCHIVE_BACKLOG_STATUS=OPEN;SOURCE_INVENTORY_STATUS=NOT_CREATED,OPEN_AUTHENTICATED_CAPTURE_COMPLETE_ARCHIVE_PAGE_INVENTORY_ALL_ARTICLES_AND_PAGINATION,DURABLE_ARCHIVE_CAPTURE_ALL_ARTICLE_LINKS_INVENTORIED_PAGINATION_EXHAUSTED_AND_REVIEW_STATUS_RECONCILED
185,NEWS_ARCHIVE_PAGE,MGB-ARCHIVE-0079,August 2017,https://www.mygroundbiz.com/news?sort=Date&archive=2017-08&if=True,WAVE_2_NEWS_ARCHIVE_DISCOVERY,EXACT_MONTHLY_ARCHIVE_LINK_CAPTURED_FROM_FULLY_REVIEWED_CUSTOMER_ALERT_PAGE; archive content and child-article relevance remain unassessed; titles are discovery metadata only,,,,,,UNACQUIRED_OPEN,NEWS_ARCHIVE_BACKLOG_STATUS=OPEN;SOURCE_INVENTORY_STATUS=NOT_CREATED,OPEN_AUTHENTICATED_CAPTURE_COMPLETE_ARCHIVE_PAGE_INVENTORY_ALL_ARTICLES_AND_PAGINATION,DURABLE_ARCHIVE_CAPTURE_ALL_ARTICLE_LINKS_INVENTORIED_PAGINATION_EXHAUSTED_AND_REVIEW_STATUS_RECONCILED
186,NEWS_ARCHIVE_PAGE,MGB-ARCHIVE-0080,July 2017,https://www.mygroundbiz.com/news?sort=Date&archive=2017-07&if=True,WAVE_2_NEWS_ARCHIVE_DISCOVERY,EXACT_MONTHLY_ARCHIVE_LINK_CAPTURED_FROM_FULLY_REVIEWED_CUSTOMER_ALERT_PAGE; archive content and child-article relevance remain unassessed; titles are discovery metadata only,,,,,,UNACQUIRED_OPEN,NEWS_ARCHIVE_BACKLOG_STATUS=OPEN;SOURCE_INVENTORY_STATUS=NOT_CREATED,OPEN_AUTHENTICATED_CAPTURE_COMPLETE_ARCHIVE_PAGE_INVENTORY_ALL_ARTICLES_AND_PAGINATION,DURABLE_ARCHIVE_CAPTURE_ALL_ARTICLE_LINKS_INVENTORIED_PAGINATION_EXHAUSTED_AND_REVIEW_STATUS_RECONCILED
187,NEWS_ARCHIVE_PAGE,MGB-ARCHIVE-0081,June 2017,https://www.mygroundbiz.com/news?sort=Date&archive=2017-06&if=True,WAVE_2_NEWS_ARCHIVE_DISCOVERY,EXACT_MONTHLY_ARCHIVE_LINK_CAPTURED_FROM_FULLY_REVIEWED_CUSTOMER_ALERT_PAGE; archive content and child-article relevance remain unassessed; titles are discovery metadata only,,,,,,UNACQUIRED_OPEN,NEWS_ARCHIVE_BACKLOG_STATUS=OPEN;SOURCE_INVENTORY_STATUS=NOT_CREATED,OPEN_AUTHENTICATED_CAPTURE_COMPLETE_ARCHIVE_PAGE_INVENTORY_ALL_ARTICLES_AND_PAGINATION,DURABLE_ARCHIVE_CAPTURE_ALL_ARTICLE_LINKS_INVENTORIED_PAGINATION_EXHAUSTED_AND_REVIEW_STATUS_RECONCILED
188,NEWS_ARCHIVE_PAGE,MGB-ARCHIVE-0082,May 2017,https://www.mygroundbiz.com/news?sort=Date&archive=2017-05&if=True,WAVE_2_NEWS_ARCHIVE_DISCOVERY,EXACT_MONTHLY_ARCHIVE_LINK_CAPTURED_FROM_FULLY_REVIEWED_CUSTOMER_ALERT_PAGE; archive content and child-article relevance remain unassessed; titles are discovery metadata only,,,,,,UNACQUIRED_OPEN,NEWS_ARCHIVE_BACKLOG_STATUS=OPEN;SOURCE_INVENTORY_STATUS=NOT_CREATED,OPEN_AUTHENTICATED_CAPTURE_COMPLETE_ARCHIVE_PAGE_INVENTORY_ALL_ARTICLES_AND_PAGINATION,DURABLE_ARCHIVE_CAPTURE_ALL_ARTICLE_LINKS_INVENTORIED_PAGINATION_EXHAUSTED_AND_REVIEW_STATUS_RECONCILED
189,NEWS_ARCHIVE_PAGE,MGB-ARCHIVE-0083,April 2017,https://www.mygroundbiz.com/news?sort=Date&archive=2017-04&if=True,WAVE_2_NEWS_ARCHIVE_DISCOVERY,EXACT_MONTHLY_ARCHIVE_LINK_CAPTURED_FROM_FULLY_REVIEWED_CUSTOMER_ALERT_PAGE; archive content and child-article relevance remain unassessed; titles are discovery metadata only,,,,,,UNACQUIRED_OPEN,NEWS_ARCHIVE_BACKLOG_STATUS=OPEN;SOURCE_INVENTORY_STATUS=NOT_CREATED,OPEN_AUTHENTICATED_CAPTURE_COMPLETE_ARCHIVE_PAGE_INVENTORY_ALL_ARTICLES_AND_PAGINATION,DURABLE_ARCHIVE_CAPTURE_ALL_ARTICLE_LINKS_INVENTORIED_PAGINATION_EXHAUSTED_AND_REVIEW_STATUS_RECONCILED
190,NEWS_ARCHIVE_PAGE,MGB-ARCHIVE-0084,March 2017,https://www.mygroundbiz.com/news?sort=Date&archive=2017-03&if=True,WAVE_2_NEWS_ARCHIVE_DISCOVERY,EXACT_MONTHLY_ARCHIVE_LINK_CAPTURED_FROM_FULLY_REVIEWED_CUSTOMER_ALERT_PAGE; archive content and child-article relevance remain unassessed; titles are discovery metadata only,,,,,,UNACQUIRED_OPEN,NEWS_ARCHIVE_BACKLOG_STATUS=OPEN;SOURCE_INVENTORY_STATUS=NOT_CREATED,OPEN_AUTHENTICATED_CAPTURE_COMPLETE_ARCHIVE_PAGE_INVENTORY_ALL_ARTICLES_AND_PAGINATION,DURABLE_ARCHIVE_CAPTURE_ALL_ARTICLE_LINKS_INVENTORIED_PAGINATION_EXHAUSTED_AND_REVIEW_STATUS_RECONCILED
191,NEWS_ARCHIVE_PAGE,MGB-ARCHIVE-0085,February 2017,https://www.mygroundbiz.com/news?sort=Date&archive=2017-02&if=True,WAVE_2_NEWS_ARCHIVE_DISCOVERY,EXACT_MONTHLY_ARCHIVE_LINK_CAPTURED_FROM_FULLY_REVIEWED_CUSTOMER_ALERT_PAGE; archive content and child-article relevance remain unassessed; titles are discovery metadata only,,,,,,UNACQUIRED_OPEN,NEWS_ARCHIVE_BACKLOG_STATUS=OPEN;SOURCE_INVENTORY_STATUS=NOT_CREATED,OPEN_AUTHENTICATED_CAPTURE_COMPLETE_ARCHIVE_PAGE_INVENTORY_ALL_ARTICLES_AND_PAGINATION,DURABLE_ARCHIVE_CAPTURE_ALL_ARTICLE_LINKS_INVENTORIED_PAGINATION_EXHAUSTED_AND_REVIEW_STATUS_RECONCILED
192,NEWS_ARCHIVE_PAGE,MGB-ARCHIVE-0086,January 2017,https://www.mygroundbiz.com/news?sort=Date&archive=2017-01&if=True,WAVE_2_NEWS_ARCHIVE_DISCOVERY,EXACT_MONTHLY_ARCHIVE_LINK_CAPTURED_FROM_FULLY_REVIEWED_CUSTOMER_ALERT_PAGE; archive content and child-article relevance remain unassessed; titles are discovery metadata only,,,,,,UNACQUIRED_OPEN,NEWS_ARCHIVE_BACKLOG_STATUS=OPEN;SOURCE_INVENTORY_STATUS=NOT_CREATED,OPEN_AUTHENTICATED_CAPTURE_COMPLETE_ARCHIVE_PAGE_INVENTORY_ALL_ARTICLES_AND_PAGINATION,DURABLE_ARCHIVE_CAPTURE_ALL_ARTICLE_LINKS_INVENTORIED_PAGINATION_EXHAUSTED_AND_REVIEW_STATUS_RECONCILED
193,NEWS_ARCHIVE_PAGE,MGB-ARCHIVE-0087,June 2016,https://www.mygroundbiz.com/news?sort=Date&archive=2016-06&if=True,WAVE_2_NEWS_ARCHIVE_DISCOVERY,EXACT_MONTHLY_ARCHIVE_LINK_CAPTURED_FROM_FULLY_REVIEWED_CUSTOMER_ALERT_PAGE; archive content and child-article relevance remain unassessed; titles are discovery metadata only,,,,,,UNACQUIRED_OPEN,NEWS_ARCHIVE_BACKLOG_STATUS=OPEN;SOURCE_INVENTORY_STATUS=NOT_CREATED,OPEN_AUTHENTICATED_CAPTURE_COMPLETE_ARCHIVE_PAGE_INVENTORY_ALL_ARTICLES_AND_PAGINATION,DURABLE_ARCHIVE_CAPTURE_ALL_ARTICLE_LINKS_INVENTORIED_PAGINATION_EXHAUSTED_AND_REVIEW_STATUS_RECONCILED
194,NEWS_ARCHIVE_PAGE,MGB-ARCHIVE-0088,April 2016,https://www.mygroundbiz.com/news?sort=Date&archive=2016-04&if=True,WAVE_2_NEWS_ARCHIVE_DISCOVERY,EXACT_MONTHLY_ARCHIVE_LINK_CAPTURED_FROM_FULLY_REVIEWED_CUSTOMER_ALERT_PAGE; archive content and child-article relevance remain unassessed; titles are discovery metadata only,,,,,,UNACQUIRED_OPEN,NEWS_ARCHIVE_BACKLOG_STATUS=OPEN;SOURCE_INVENTORY_STATUS=NOT_CREATED,OPEN_AUTHENTICATED_CAPTURE_COMPLETE_ARCHIVE_PAGE_INVENTORY_ALL_ARTICLES_AND_PAGINATION,DURABLE_ARCHIVE_CAPTURE_ALL_ARTICLE_LINKS_INVENTORIED_PAGINATION_EXHAUSTED_AND_REVIEW_STATUS_RECONCILED
195,NEWS_ARCHIVE_PAGE,MGB-ARCHIVE-0089,February 2016,https://www.mygroundbiz.com/news?sort=Date&archive=2016-02&if=True,WAVE_2_NEWS_ARCHIVE_DISCOVERY,EXACT_MONTHLY_ARCHIVE_LINK_CAPTURED_FROM_FULLY_REVIEWED_CUSTOMER_ALERT_PAGE; archive content and child-article relevance remain unassessed; titles are discovery metadata only,,,,,,UNACQUIRED_OPEN,NEWS_ARCHIVE_BACKLOG_STATUS=OPEN;SOURCE_INVENTORY_STATUS=NOT_CREATED,OPEN_AUTHENTICATED_CAPTURE_COMPLETE_ARCHIVE_PAGE_INVENTORY_ALL_ARTICLES_AND_PAGINATION,DURABLE_ARCHIVE_CAPTURE_ALL_ARTICLE_LINKS_INVENTORIED_PAGINATION_EXHAUSTED_AND_REVIEW_STATUS_RECONCILED
196,NEWS_ARCHIVE_PAGE,MGB-ARCHIVE-0090,January 2016,https://www.mygroundbiz.com/news?sort=Date&archive=2016-01&if=True,WAVE_2_NEWS_ARCHIVE_DISCOVERY,EXACT_MONTHLY_ARCHIVE_LINK_CAPTURED_FROM_FULLY_REVIEWED_CUSTOMER_ALERT_PAGE; archive content and child-article relevance remain unassessed; titles are discovery metadata only,,,,,,UNACQUIRED_OPEN,NEWS_ARCHIVE_BACKLOG_STATUS=OPEN;SOURCE_INVENTORY_STATUS=NOT_CREATED,OPEN_AUTHENTICATED_CAPTURE_COMPLETE_ARCHIVE_PAGE_INVENTORY_ALL_ARTICLES_AND_PAGINATION,DURABLE_ARCHIVE_CAPTURE_ALL_ARTICLE_LINKS_INVENTORIED_PAGINATION_EXHAUSTED_AND_REVIEW_STATUS_RECONCILED
197,NEWS_ARCHIVE_PAGE,MGB-ARCHIVE-0091,December 2015,https://www.mygroundbiz.com/news?sort=Date&archive=2015-12&if=True,WAVE_2_NEWS_ARCHIVE_DISCOVERY,EXACT_MONTHLY_ARCHIVE_LINK_CAPTURED_FROM_FULLY_REVIEWED_CUSTOMER_ALERT_PAGE; archive content and child-article relevance remain unassessed; titles are discovery metadata only,,,,,,UNACQUIRED_OPEN,NEWS_ARCHIVE_BACKLOG_STATUS=OPEN;SOURCE_INVENTORY_STATUS=NOT_CREATED,OPEN_AUTHENTICATED_CAPTURE_COMPLETE_ARCHIVE_PAGE_INVENTORY_ALL_ARTICLES_AND_PAGINATION,DURABLE_ARCHIVE_CAPTURE_ALL_ARTICLE_LINKS_INVENTORIED_PAGINATION_EXHAUSTED_AND_REVIEW_STATUS_RECONCILED
198,NEWS_ARCHIVE_PAGE,MGB-ARCHIVE-0092,November 2015,https://www.mygroundbiz.com/news?sort=Date&archive=2015-11&if=True,WAVE_2_NEWS_ARCHIVE_DISCOVERY,EXACT_MONTHLY_ARCHIVE_LINK_CAPTURED_FROM_FULLY_REVIEWED_CUSTOMER_ALERT_PAGE; archive content and child-article relevance remain unassessed; titles are discovery metadata only,,,,,,UNACQUIRED_OPEN,NEWS_ARCHIVE_BACKLOG_STATUS=OPEN;SOURCE_INVENTORY_STATUS=NOT_CREATED,OPEN_AUTHENTICATED_CAPTURE_COMPLETE_ARCHIVE_PAGE_INVENTORY_ALL_ARTICLES_AND_PAGINATION,DURABLE_ARCHIVE_CAPTURE_ALL_ARTICLE_LINKS_INVENTORIED_PAGINATION_EXHAUSTED_AND_REVIEW_STATUS_RECONCILED
199,NEWS_ARCHIVE_PAGE,MGB-ARCHIVE-0093,October 2015,https://www.mygroundbiz.com/news?sort=Date&archive=2015-10&if=True,WAVE_2_NEWS_ARCHIVE_DISCOVERY,EXACT_MONTHLY_ARCHIVE_LINK_CAPTURED_FROM_FULLY_REVIEWED_CUSTOMER_ALERT_PAGE; archive content and child-article relevance remain unassessed; titles are discovery metadata only,,,,,,UNACQUIRED_OPEN,NEWS_ARCHIVE_BACKLOG_STATUS=OPEN;SOURCE_INVENTORY_STATUS=NOT_CREATED,OPEN_AUTHENTICATED_CAPTURE_COMPLETE_ARCHIVE_PAGE_INVENTORY_ALL_ARTICLES_AND_PAGINATION,DURABLE_ARCHIVE_CAPTURE_ALL_ARTICLE_LINKS_INVENTORIED_PAGINATION_EXHAUSTED_AND_REVIEW_STATUS_RECONCILED
200,NEWS_ARCHIVE_PAGE,MGB-ARCHIVE-0094,September 2015,https://www.mygroundbiz.com/news?sort=Date&archive=2015-09&if=True,WAVE_2_NEWS_ARCHIVE_DISCOVERY,EXACT_MONTHLY_ARCHIVE_LINK_CAPTURED_FROM_FULLY_REVIEWED_CUSTOMER_ALERT_PAGE; archive content and child-article relevance remain unassessed; titles are discovery metadata only,,,,,,UNACQUIRED_OPEN,NEWS_ARCHIVE_BACKLOG_STATUS=OPEN;SOURCE_INVENTORY_STATUS=NOT_CREATED,OPEN_AUTHENTICATED_CAPTURE_COMPLETE_ARCHIVE_PAGE_INVENTORY_ALL_ARTICLES_AND_PAGINATION,DURABLE_ARCHIVE_CAPTURE_ALL_ARTICLE_LINKS_INVENTORIED_PAGINATION_EXHAUSTED_AND_REVIEW_STATUS_RECONCILED
201,NEWS_ARCHIVE_PAGE,MGB-ARCHIVE-0095,August 2015,https://www.mygroundbiz.com/news?sort=Date&archive=2015-08&if=True,WAVE_2_NEWS_ARCHIVE_DISCOVERY,EXACT_MONTHLY_ARCHIVE_LINK_CAPTURED_FROM_FULLY_REVIEWED_CUSTOMER_ALERT_PAGE; archive content and child-article relevance remain unassessed; titles are discovery metadata only,,,,,,UNACQUIRED_OPEN,NEWS_ARCHIVE_BACKLOG_STATUS=OPEN;SOURCE_INVENTORY_STATUS=NOT_CREATED,OPEN_AUTHENTICATED_CAPTURE_COMPLETE_ARCHIVE_PAGE_INVENTORY_ALL_ARTICLES_AND_PAGINATION,DURABLE_ARCHIVE_CAPTURE_ALL_ARTICLE_LINKS_INVENTORIED_PAGINATION_EXHAUSTED_AND_REVIEW_STATUS_RECONCILED
202,NEWS_ARCHIVE_PAGE,MGB-ARCHIVE-0096,June 2015,https://www.mygroundbiz.com/news?sort=Date&archive=2015-06&if=True,WAVE_2_NEWS_ARCHIVE_DISCOVERY,EXACT_MONTHLY_ARCHIVE_LINK_CAPTURED_FROM_FULLY_REVIEWED_CUSTOMER_ALERT_PAGE; archive content and child-article relevance remain unassessed; titles are discovery metadata only,,,,,,UNACQUIRED_OPEN,NEWS_ARCHIVE_BACKLOG_STATUS=OPEN;SOURCE_INVENTORY_STATUS=NOT_CREATED,OPEN_AUTHENTICATED_CAPTURE_COMPLETE_ARCHIVE_PAGE_INVENTORY_ALL_ARTICLES_AND_PAGINATION,DURABLE_ARCHIVE_CAPTURE_ALL_ARTICLE_LINKS_INVENTORIED_PAGINATION_EXHAUSTED_AND_REVIEW_STATUS_RECONCILED
203,NEWS_ARCHIVE_PAGE,MGB-ARCHIVE-0097,May 2015,https://www.mygroundbiz.com/news?sort=Date&archive=2015-05&if=True,WAVE_2_NEWS_ARCHIVE_DISCOVERY,EXACT_MONTHLY_ARCHIVE_LINK_CAPTURED_FROM_FULLY_REVIEWED_CUSTOMER_ALERT_PAGE; archive content and child-article relevance remain unassessed; titles are discovery metadata only,,,,,,UNACQUIRED_OPEN,NEWS_ARCHIVE_BACKLOG_STATUS=OPEN;SOURCE_INVENTORY_STATUS=NOT_CREATED,OPEN_AUTHENTICATED_CAPTURE_COMPLETE_ARCHIVE_PAGE_INVENTORY_ALL_ARTICLES_AND_PAGINATION,DURABLE_ARCHIVE_CAPTURE_ALL_ARTICLE_LINKS_INVENTORIED_PAGINATION_EXHAUSTED_AND_REVIEW_STATUS_RECONCILED
204,NEWS_ARCHIVE_PAGE,MGB-ARCHIVE-0098,March 2015,https://www.mygroundbiz.com/news?sort=Date&archive=2015-03&if=True,WAVE_2_NEWS_ARCHIVE_DISCOVERY,EXACT_MONTHLY_ARCHIVE_LINK_CAPTURED_FROM_FULLY_REVIEWED_CUSTOMER_ALERT_PAGE; archive content and child-article relevance remain unassessed; titles are discovery metadata only,,,,,,UNACQUIRED_OPEN,NEWS_ARCHIVE_BACKLOG_STATUS=OPEN;SOURCE_INVENTORY_STATUS=NOT_CREATED,OPEN_AUTHENTICATED_CAPTURE_COMPLETE_ARCHIVE_PAGE_INVENTORY_ALL_ARTICLES_AND_PAGINATION,DURABLE_ARCHIVE_CAPTURE_ALL_ARTICLE_LINKS_INVENTORIED_PAGINATION_EXHAUSTED_AND_REVIEW_STATUS_RECONCILED
205,NEWS_ARCHIVE_PAGE,MGB-ARCHIVE-0099,February 2015,https://www.mygroundbiz.com/news?sort=Date&archive=2015-02&if=True,WAVE_2_NEWS_ARCHIVE_DISCOVERY,EXACT_MONTHLY_ARCHIVE_LINK_CAPTURED_FROM_FULLY_REVIEWED_CUSTOMER_ALERT_PAGE; archive content and child-article relevance remain unassessed; titles are discovery metadata only,,,,,,UNACQUIRED_OPEN,NEWS_ARCHIVE_BACKLOG_STATUS=OPEN;SOURCE_INVENTORY_STATUS=NOT_CREATED,OPEN_AUTHENTICATED_CAPTURE_COMPLETE_ARCHIVE_PAGE_INVENTORY_ALL_ARTICLES_AND_PAGINATION,DURABLE_ARCHIVE_CAPTURE_ALL_ARTICLE_LINKS_INVENTORIED_PAGINATION_EXHAUSTED_AND_REVIEW_STATUS_RECONCILED
206,NEWS_ARCHIVE_PAGE,MGB-ARCHIVE-0100,January 2015,https://www.mygroundbiz.com/news?sort=Date&archive=2015-01&if=True,WAVE_2_NEWS_ARCHIVE_DISCOVERY,EXACT_MONTHLY_ARCHIVE_LINK_CAPTURED_FROM_FULLY_REVIEWED_CUSTOMER_ALERT_PAGE; archive content and child-article relevance remain unassessed; titles are discovery metadata only,,,,,,UNACQUIRED_OPEN,NEWS_ARCHIVE_BACKLOG_STATUS=OPEN;SOURCE_INVENTORY_STATUS=NOT_CREATED,OPEN_AUTHENTICATED_CAPTURE_COMPLETE_ARCHIVE_PAGE_INVENTORY_ALL_ARTICLES_AND_PAGINATION,DURABLE_ARCHIVE_CAPTURE_ALL_ARTICLE_LINKS_INVENTORIED_PAGINATION_EXHAUSTED_AND_REVIEW_STATUS_RECONCILED
207,DESTINATION_PAGE,MGB-NAV-0005,Qualified Driver Safety Training Program - Linehaul,https://www.mygroundbiz.com/en/safety/safety-resources/qualified-driver-safety-training-program,WAVE_2_GAP_LINKED_DESTINATIONS,NAVIGATION_TITLE_SIGNALS_A_CURRENT_SAFETY_COMPLIANCE_OR_MAINTENANCE_SOURCE; content and relevance remain unassessed until review,,,,,,UNACQUIRED_OPEN,DESTINATION_BACKLOG_STATUS=OPEN;SOURCE_INVENTORY_STATUS=NOT_CREATED,OPEN_AUTHENTICATED_CAPTURE_COMPLETE_PAGE_AND_INVENTORY_ALL_LINKED_RESOURCES,DURABLE_PAGE_CAPTURE_PRIMARY_SOURCE_ROW_LINK_INVENTORY_AND_REVIEW_STATUS_RECONCILIATION
208,DESTINATION_PAGE,MGB-NAV-0018,Customer Service Case Automation,https://www.mygroundbiz.com/en/operations/pd/Customer-Service-Case-Automation,WAVE_2_GAP_LINKED_DESTINATIONS,NAVIGATION_TITLE_OR_PATH_INTERSECTS_AN_EXISTING_SOURCE_GAP; content and relevance remain unassessed until review,REFSRC-024;REFSRC-025;REFSRC-029,,KNO-DEL-REFUSED-001,,TAX-DELIVERY;TAX-FORGE;TAX-STATUS,UNACQUIRED_OPEN,DESTINATION_BACKLOG_STATUS=OPEN;SOURCE_INVENTORY_STATUS=NOT_CREATED,OPEN_AUTHENTICATED_CAPTURE_COMPLETE_PAGE_AND_INVENTORY_ALL_LINKED_RESOURCES,DURABLE_PAGE_CAPTURE_PRIMARY_SOURCE_ROW_LINK_INVENTORY_AND_REVIEW_STATUS_RECONCILIATION
209,DESTINATION_PAGE,MGB-NAV-0029,Driver Prospects,https://www.mygroundbiz.com/en/operations/driver-qualification-resources/driver-prospects,WAVE_2_GAP_LINKED_DESTINATIONS,NAVIGATION_TITLE_OR_PATH_INTERSECTS_AN_EXISTING_SOURCE_GAP; content and relevance remain unassessed until review,REFSRC-028,,KNO-QUAL-L10-ACTIVATION-001,,TAX-QUALIFICATION,UNACQUIRED_OPEN,DESTINATION_BACKLOG_STATUS=OPEN;SOURCE_INVENTORY_STATUS=NOT_CREATED,OPEN_AUTHENTICATED_CAPTURE_COMPLETE_PAGE_AND_INVENTORY_ALL_LINKED_RESOURCES,DURABLE_PAGE_CAPTURE_PRIMARY_SOURCE_ROW_LINK_INVENTORY_AND_REVIEW_STATUS_RECONCILIATION
210,DESTINATION_PAGE,MGB-NAV-0030,"Overall driver candidate onboarding, qualification process",https://www.mygroundbiz.com/en/operations/driver-qualification-resources/overall-driver-candidate-onboarding,WAVE_2_GAP_LINKED_DESTINATIONS,NAVIGATION_TITLE_OR_PATH_INTERSECTS_AN_EXISTING_SOURCE_GAP; content and relevance remain unassessed until review,REFSRC-028,,KNO-QUAL-L10-ACTIVATION-001,,TAX-QUALIFICATION,UNACQUIRED_OPEN,DESTINATION_BACKLOG_STATUS=OPEN;SOURCE_INVENTORY_STATUS=NOT_CREATED,OPEN_AUTHENTICATED_CAPTURE_COMPLETE_PAGE_AND_INVENTORY_ALL_LINKED_RESOURCES,DURABLE_PAGE_CAPTURE_PRIMARY_SOURCE_ROW_LINK_INVENTORY_AND_REVIEW_STATUS_RECONCILIATION
211,DESTINATION_PAGE,MGB-NAV-0033,Qualified Observer,https://www.mygroundbiz.com/en/operations/driver-qualification-resources/qualification-certification-for-pd/qualified-observer,WAVE_2_GAP_LINKED_DESTINATIONS,NAVIGATION_TITLE_OR_PATH_INTERSECTS_AN_EXISTING_SOURCE_GAP; content and relevance remain unassessed until review,REFSRC-028,,KNO-QUAL-L10-ACTIVATION-001,,TAX-QUALIFICATION,UNACQUIRED_OPEN,DESTINATION_BACKLOG_STATUS=OPEN;SOURCE_INVENTORY_STATUS=NOT_CREATED,OPEN_AUTHENTICATED_CAPTURE_COMPLETE_PAGE_AND_INVENTORY_ALL_LINKED_RESOURCES,DURABLE_PAGE_CAPTURE_PRIMARY_SOURCE_ROW_LINK_INVENTORY_AND_REVIEW_STATUS_RECONCILIATION
212,DESTINATION_PAGE,MGB-NAV-0044,CARB Truck and Bus Regulation,https://www.mygroundbiz.com/en/vehicles-fuel/state-regulations/carb-truck-and-bus-regulation,WAVE_2_GAP_LINKED_DESTINATIONS,NAVIGATION_TITLE_SIGNALS_A_CURRENT_SAFETY_COMPLIANCE_OR_MAINTENANCE_SOURCE; content and relevance remain unassessed until review,,,KNO-FORGE-LOGIN-WARNING-001;KNO-VEH-CA-90DAY-INSPECTION-001,,TAX-DOT;TAX-FORGE;TAX-HOS;TAX-INSPECTION;TAX-QUALIFICATION;TAX-VEHICLE-SAFETY,UNACQUIRED_OPEN,DESTINATION_BACKLOG_STATUS=OPEN;SOURCE_INVENTORY_STATUS=NOT_CREATED,OPEN_AUTHENTICATED_CAPTURE_COMPLETE_PAGE_AND_INVENTORY_ALL_LINKED_RESOURCES,DURABLE_PAGE_CAPTURE_PRIMARY_SOURCE_ROW_LINK_INVENTORY_AND_REVIEW_STATUS_RECONCILIATION
213,DESTINATION_PAGE,MGB-NAV-0047,Vehicle Schematics,https://www.mygroundbiz.com/en/vehicles-fuel/vehicle-standards-tbd/vehicle-schematics,WAVE_2_GAP_LINKED_DESTINATIONS,NAVIGATION_TITLE_OR_PATH_INTERSECTS_AN_EXISTING_SOURCE_GAP; content and relevance remain unassessed until review,REFSRC-009,,KNO-VEH-RENTAL-PREP-001,,TAX-DOT;TAX-FORGE;TAX-RENTAL-VEHICLE;TAX-VEHICLE-SAFETY,UNACQUIRED_OPEN,DESTINATION_BACKLOG_STATUS=OPEN;SOURCE_INVENTORY_STATUS=NOT_CREATED,OPEN_AUTHENTICATED_CAPTURE_COMPLETE_PAGE_AND_INVENTORY_ALL_LINKED_RESOURCES,DURABLE_PAGE_CAPTURE_PRIMARY_SOURCE_ROW_LINK_INVENTORY_AND_REVIEW_STATUS_RECONCILIATION
214,DESTINATION_PAGE,MGB-NAV-0068,Compliance,https://www.mygroundbiz.com/en/agreement/general-agreement-information/compliance,WAVE_2_GAP_LINKED_DESTINATIONS,NAVIGATION_TITLE_SIGNALS_A_CURRENT_SAFETY_COMPLIANCE_OR_MAINTENANCE_SOURCE; content and relevance remain unassessed until review,,,KNO-DEL-BUS-OP201-001;KNO-DOT-ROADSIDE-REPORT-001;KNO-FORGE-LOGIN-DISPATCH-001;KNO-FORGE-LOGIN-WARNING-001;KNO-HOS-DUTY-LIMITS-001;KNO-HOS-RENTAL-ELD-001;KNO-HOS-SHORT-ADVERSE-001;KNO-SEC-STOLEN-VEHICLE-001;KNO-VEH-ANNUAL-INSPECTION-001;KNO-VEH-CA-90DAY-INSPECTION-001,,TAX-DELIVERY;TAX-DOT;TAX-FORGE;TAX-HOS;TAX-INCIDENT;TAX-INSPECTION;TAX-QUALIFICATION;TAX-RELEASE;TAX-SECURITY;TAX-VEHICLE-SAFETY,UNACQUIRED_OPEN,DESTINATION_BACKLOG_STATUS=OPEN;SOURCE_INVENTORY_STATUS=NOT_CREATED,OPEN_AUTHENTICATED_CAPTURE_COMPLETE_PAGE_AND_INVENTORY_ALL_LINKED_RESOURCES,DURABLE_PAGE_CAPTURE_PRIMARY_SOURCE_ROW_LINK_INVENTORY_AND_REVIEW_STATUS_RECONCILIATION
215,DESTINATION_PAGE,MGB-NAV-0070,ISP Agreement - Qualification Certification Conditions,https://www.mygroundbiz.com/en/agreement/safety-terms---eldp/isp-agreement-qualification-certification-conditions,WAVE_2_GAP_LINKED_DESTINATIONS,NAVIGATION_TITLE_OR_PATH_INTERSECTS_AN_EXISTING_SOURCE_GAP; content and relevance remain unassessed until review,REFSRC-028,,KNO-FORGE-LOGIN-DISPATCH-001;KNO-FORGE-LOGIN-WARNING-001;KNO-QUAL-L10-ACTIVATION-001,,TAX-DOT;TAX-FORGE;TAX-HOS;TAX-QUALIFICATION;TAX-VEHICLE-SAFETY,UNACQUIRED_OPEN,DESTINATION_BACKLOG_STATUS=OPEN;SOURCE_INVENTORY_STATUS=NOT_CREATED,OPEN_AUTHENTICATED_CAPTURE_COMPLETE_PAGE_AND_INVENTORY_ALL_LINKED_RESOURCES,DURABLE_PAGE_CAPTURE_PRIMARY_SOURCE_ROW_LINK_INVENTORY_AND_REVIEW_STATUS_RECONCILIATION
216,DESTINATION_PAGE,MGB-NAV-0075,Accident Classification Dispute,https://www.mygroundbiz.com/en/agreement/dispute-processes/classification-of-vehicle-accident,WAVE_2_GAP_LINKED_DESTINATIONS,NAVIGATION_TITLE_SIGNALS_A_CURRENT_SAFETY_COMPLIANCE_OR_MAINTENANCE_SOURCE; content and relevance remain unassessed until review,,,,,,UNACQUIRED_OPEN,DESTINATION_BACKLOG_STATUS=OPEN;SOURCE_INVENTORY_STATUS=NOT_CREATED,OPEN_AUTHENTICATED_CAPTURE_COMPLETE_PAGE_AND_INVENTORY_ALL_LINKED_RESOURCES,DURABLE_PAGE_CAPTURE_PRIMARY_SOURCE_ROW_LINK_INVENTORY_AND_REVIEW_STATUS_RECONCILIATION
217,DESTINATION_PAGE,MGB-NAV-0012,TSPA Safety Technology Terms,https://www.mygroundbiz.com/en/safety/safety-technology/TSPA-Safety-Technology-Terms,WAVE_3_OPERATIONAL_FAMILY_DESTINATIONS,PORTAL_SECTION_IS_WITHIN_THE_BROAD_OPERATIONAL_INCLUSION_STANDARD; title is not operational evidence,,,,,,UNACQUIRED_OPEN,DESTINATION_BACKLOG_STATUS=OPEN;SOURCE_INVENTORY_STATUS=NOT_CREATED,OPEN_AUTHENTICATED_CAPTURE_COMPLETE_PAGE_AND_INVENTORY_ALL_LINKED_RESOURCES,DURABLE_PAGE_CAPTURE_PRIMARY_SOURCE_ROW_LINK_INVENTORY_AND_REVIEW_STATUS_RECONCILIATION
218,DESTINATION_PAGE,MGB-NAV-0013,ISPA Safety Technology Terms,https://www.mygroundbiz.com/en/safety/safety-technology/ISPA-Safety-Technology-Terms,WAVE_3_OPERATIONAL_FAMILY_DESTINATIONS,PORTAL_SECTION_IS_WITHIN_THE_BROAD_OPERATIONAL_INCLUSION_STANDARD; title is not operational evidence,,,,,,UNACQUIRED_OPEN,DESTINATION_BACKLOG_STATUS=OPEN;SOURCE_INVENTORY_STATUS=NOT_CREATED,OPEN_AUTHENTICATED_CAPTURE_COMPLETE_PAGE_AND_INVENTORY_ALL_LINKED_RESOURCES,DURABLE_PAGE_CAPTURE_PRIMARY_SOURCE_ROW_LINK_INVENTORY_AND_REVIEW_STATUS_RECONCILIATION
219,DESTINATION_PAGE,MGB-NAV-0014,Safety Technology Vendors,https://www.mygroundbiz.com/en/safety/safety-technology/safety-technology-vendors,WAVE_3_OPERATIONAL_FAMILY_DESTINATIONS,PORTAL_SECTION_IS_WITHIN_THE_BROAD_OPERATIONAL_INCLUSION_STANDARD; title is not operational evidence,,,,,,UNACQUIRED_OPEN,DESTINATION_BACKLOG_STATUS=OPEN;SOURCE_INVENTORY_STATUS=NOT_CREATED,OPEN_AUTHENTICATED_CAPTURE_COMPLETE_PAGE_AND_INVENTORY_ALL_LINKED_RESOURCES,DURABLE_PAGE_CAPTURE_PRIMARY_SOURCE_ROW_LINK_INVENTORY_AND_REVIEW_STATUS_RECONCILIATION
220,DESTINATION_PAGE,MGB-NAV-0015,Linehaul Indemnification,https://www.mygroundbiz.com/en/safety/safety-technology/Linehaul-Indemnification,WAVE_3_OPERATIONAL_FAMILY_DESTINATIONS,PORTAL_SECTION_IS_WITHIN_THE_BROAD_OPERATIONAL_INCLUSION_STANDARD; title is not operational evidence,,,,,,UNACQUIRED_OPEN,DESTINATION_BACKLOG_STATUS=OPEN;SOURCE_INVENTORY_STATUS=NOT_CREATED,OPEN_AUTHENTICATED_CAPTURE_COMPLETE_PAGE_AND_INVENTORY_ALL_LINKED_RESOURCES,DURABLE_PAGE_CAPTURE_PRIMARY_SOURCE_ROW_LINK_INVENTORY_AND_REVIEW_STATUS_RECONCILIATION
221,DESTINATION_PAGE,MGB-NAV-0020,Peak Planning Resources,https://www.mygroundbiz.com/en/operations/pd-technology/peak-planning,WAVE_3_OPERATIONAL_FAMILY_DESTINATIONS,PORTAL_SECTION_IS_WITHIN_THE_BROAD_OPERATIONAL_INCLUSION_STANDARD; title is not operational evidence,,,,,,UNACQUIRED_OPEN,DESTINATION_BACKLOG_STATUS=OPEN;SOURCE_INVENTORY_STATUS=NOT_CREATED,OPEN_AUTHENTICATED_CAPTURE_COMPLETE_PAGE_AND_INVENTORY_ALL_LINKED_RESOURCES,DURABLE_PAGE_CAPTURE_PRIMARY_SOURCE_ROW_LINK_INVENTORY_AND_REVIEW_STATUS_RECONCILIATION
222,DESTINATION_PAGE,MGB-NAV-0021,FORGE: Scanner Specifications and Vendors,https://www.mygroundbiz.com/en/operations/pd-technology/star-scanner-specifications-and-vendors,WAVE_3_OPERATIONAL_FAMILY_DESTINATIONS,PORTAL_SECTION_IS_WITHIN_THE_BROAD_OPERATIONAL_INCLUSION_STANDARD; title is not operational evidence,,,,,,UNACQUIRED_OPEN,DESTINATION_BACKLOG_STATUS=OPEN;SOURCE_INVENTORY_STATUS=NOT_CREATED,OPEN_AUTHENTICATED_CAPTURE_COMPLETE_PAGE_AND_INVENTORY_ALL_LINKED_RESOURCES,DURABLE_PAGE_CAPTURE_PRIMARY_SOURCE_ROW_LINK_INVENTORY_AND_REVIEW_STATUS_RECONCILIATION
223,DESTINATION_PAGE,MGB-NAV-0023,P&D Scanner Specifications: Certified Devices for P&D Operations,https://www.mygroundbiz.com/en/operations/pd-technology/star-scanner-specifications-and-vendors/pd-scanner-specifications-for-devices-compatible-with-star-v,WAVE_3_OPERATIONAL_FAMILY_DESTINATIONS,PORTAL_SECTION_IS_WITHIN_THE_BROAD_OPERATIONAL_INCLUSION_STANDARD; title is not operational evidence,,,,,,UNACQUIRED_OPEN,DESTINATION_BACKLOG_STATUS=OPEN;SOURCE_INVENTORY_STATUS=NOT_CREATED,OPEN_AUTHENTICATED_CAPTURE_COMPLETE_PAGE_AND_INVENTORY_ALL_LINKED_RESOURCES,DURABLE_PAGE_CAPTURE_PRIMARY_SOURCE_ROW_LINK_INVENTORY_AND_REVIEW_STATUS_RECONCILIATION
224,DESTINATION_PAGE,MGB-NAV-0024,Route Navigation,https://www.mygroundbiz.com/en/operations/pd-technology/route-navigation---solutions-for-peak,WAVE_3_OPERATIONAL_FAMILY_DESTINATIONS,PORTAL_SECTION_IS_WITHIN_THE_BROAD_OPERATIONAL_INCLUSION_STANDARD; title is not operational evidence,,,,,,UNACQUIRED_OPEN,DESTINATION_BACKLOG_STATUS=OPEN;SOURCE_INVENTORY_STATUS=NOT_CREATED,OPEN_AUTHENTICATED_CAPTURE_COMPLETE_PAGE_AND_INVENTORY_ALL_LINKED_RESOURCES,DURABLE_PAGE_CAPTURE_PRIMARY_SOURCE_ROW_LINK_INVENTORY_AND_REVIEW_STATUS_RECONCILIATION
225,DESTINATION_PAGE,MGB-NAV-0025,Work Area Design Resources,https://www.mygroundbiz.com/en/operations/pd-technology/work-area-design-resources,WAVE_3_OPERATIONAL_FAMILY_DESTINATIONS,PORTAL_SECTION_IS_WITHIN_THE_BROAD_OPERATIONAL_INCLUSION_STANDARD; title is not operational evidence,,,,,,UNACQUIRED_OPEN,DESTINATION_BACKLOG_STATUS=OPEN;SOURCE_INVENTORY_STATUS=NOT_CREATED,OPEN_AUTHENTICATED_CAPTURE_COMPLETE_PAGE_AND_INVENTORY_ALL_LINKED_RESOURCES,DURABLE_PAGE_CAPTURE_PRIMARY_SOURCE_ROW_LINK_INVENTORY_AND_REVIEW_STATUS_RECONCILIATION
226,DESTINATION_PAGE,MGB-NAV-0026,Route Optimization Resources,https://www.mygroundbiz.com/en/operations/pd-technology/dynamic-route-optimization-resources,WAVE_3_OPERATIONAL_FAMILY_DESTINATIONS,PORTAL_SECTION_IS_WITHIN_THE_BROAD_OPERATIONAL_INCLUSION_STANDARD; title is not operational evidence,,,,,,UNACQUIRED_OPEN,DESTINATION_BACKLOG_STATUS=OPEN;SOURCE_INVENTORY_STATUS=NOT_CREATED,OPEN_AUTHENTICATED_CAPTURE_COMPLETE_PAGE_AND_INVENTORY_ALL_LINKED_RESOURCES,DURABLE_PAGE_CAPTURE_PRIMARY_SOURCE_ROW_LINK_INVENTORY_AND_REVIEW_STATUS_RECONCILIATION
227,DESTINATION_PAGE,MGB-NAV-0027,Mobile Trip App,https://www.mygroundbiz.com/en/operations/linehaul/mobile-trip-app-bid-process,WAVE_3_OPERATIONAL_FAMILY_DESTINATIONS,PORTAL_SECTION_IS_WITHIN_THE_BROAD_OPERATIONAL_INCLUSION_STANDARD; title is not operational evidence,,,,,,UNACQUIRED_OPEN,DESTINATION_BACKLOG_STATUS=OPEN;SOURCE_INVENTORY_STATUS=NOT_CREATED,OPEN_AUTHENTICATED_CAPTURE_COMPLETE_PAGE_AND_INVENTORY_ALL_LINKED_RESOURCES,DURABLE_PAGE_CAPTURE_PRIMARY_SOURCE_ROW_LINK_INVENTORY_AND_REVIEW_STATUS_RECONCILIATION
228,DESTINATION_PAGE,MGB-NAV-0034,Standards for Linehaul Road Tests,https://www.mygroundbiz.com/en/operations/driver-qualification-resources/standards-for-linehaul-road-tests,WAVE_3_OPERATIONAL_FAMILY_DESTINATIONS,PORTAL_SECTION_IS_WITHIN_THE_BROAD_OPERATIONAL_INCLUSION_STANDARD; title is not operational evidence,,,,,,UNACQUIRED_OPEN,DESTINATION_BACKLOG_STATUS=OPEN;SOURCE_INVENTORY_STATUS=NOT_CREATED,OPEN_AUTHENTICATED_CAPTURE_COMPLETE_PAGE_AND_INVENTORY_ALL_LINKED_RESOURCES,DURABLE_PAGE_CAPTURE_PRIMARY_SOURCE_ROW_LINK_INVENTORY_AND_REVIEW_STATUS_RECONCILIATION
229,DESTINATION_PAGE,MGB-NAV-0036,NETWORK 2.0,https://www.mygroundbiz.com/en/operations/NETWORK-2-0,WAVE_3_OPERATIONAL_FAMILY_DESTINATIONS,PORTAL_SECTION_IS_WITHIN_THE_BROAD_OPERATIONAL_INCLUSION_STANDARD; title is not operational evidence,,,,,,UNACQUIRED_OPEN,DESTINATION_BACKLOG_STATUS=OPEN;SOURCE_INVENTORY_STATUS=NOT_CREATED,OPEN_AUTHENTICATED_CAPTURE_COMPLETE_PAGE_AND_INVENTORY_ALL_LINKED_RESOURCES,DURABLE_PAGE_CAPTURE_PRIMARY_SOURCE_ROW_LINK_INVENTORY_AND_REVIEW_STATUS_RECONCILIATION
230,DESTINATION_PAGE,MGB-NAV-0037,Facility Directory,https://www.mygroundbiz.com/en/operations/facility-directory,WAVE_3_OPERATIONAL_FAMILY_DESTINATIONS,PORTAL_SECTION_IS_WITHIN_THE_BROAD_OPERATIONAL_INCLUSION_STANDARD; title is not operational evidence,,,,,,UNACQUIRED_OPEN,DESTINATION_BACKLOG_STATUS=OPEN;SOURCE_INVENTORY_STATUS=NOT_CREATED,OPEN_AUTHENTICATED_CAPTURE_COMPLETE_PAGE_AND_INVENTORY_ALL_LINKED_RESOURCES,DURABLE_PAGE_CAPTURE_PRIMARY_SOURCE_ROW_LINK_INVENTORY_AND_REVIEW_STATUS_RECONCILIATION
231,DESTINATION_PAGE,MGB-NAV-0038,Buy a Vehicle,https://www.mygroundbiz.com/en/vehicles-fuel/buy-sell-search-vehicles/buy-a-vehicle,WAVE_3_OPERATIONAL_FAMILY_DESTINATIONS,PORTAL_SECTION_IS_WITHIN_THE_BROAD_OPERATIONAL_INCLUSION_STANDARD; title is not operational evidence,,,,,,UNACQUIRED_OPEN,DESTINATION_BACKLOG_STATUS=OPEN;SOURCE_INVENTORY_STATUS=NOT_CREATED,OPEN_AUTHENTICATED_CAPTURE_COMPLETE_PAGE_AND_INVENTORY_ALL_LINKED_RESOURCES,DURABLE_PAGE_CAPTURE_PRIMARY_SOURCE_ROW_LINK_INVENTORY_AND_REVIEW_STATUS_RECONCILIATION
232,DESTINATION_PAGE,MGB-NAV-0039,Sell a Vehicle,https://www.mygroundbiz.com/en/vehicles-fuel/buy-sell-search-vehicles/sell-a-vehicle,WAVE_3_OPERATIONAL_FAMILY_DESTINATIONS,PORTAL_SECTION_IS_WITHIN_THE_BROAD_OPERATIONAL_INCLUSION_STANDARD; title is not operational evidence,,,,,,UNACQUIRED_OPEN,DESTINATION_BACKLOG_STATUS=OPEN;SOURCE_INVENTORY_STATUS=NOT_CREATED,OPEN_AUTHENTICATED_CAPTURE_COMPLETE_PAGE_AND_INVENTORY_ALL_LINKED_RESOURCES,DURABLE_PAGE_CAPTURE_PRIMARY_SOURCE_ROW_LINK_INVENTORY_AND_REVIEW_STATUS_RECONCILIATION
233,DESTINATION_PAGE,MGB-NAV-0040,My Vehicles,https://www.mygroundbiz.com/en/vehicles-fuel/buy-sell-search-vehicles/my-vehicles,WAVE_3_OPERATIONAL_FAMILY_DESTINATIONS,PORTAL_SECTION_IS_WITHIN_THE_BROAD_OPERATIONAL_INCLUSION_STANDARD; title is not operational evidence,,,,,,UNACQUIRED_OPEN,DESTINATION_BACKLOG_STATUS=OPEN;SOURCE_INVENTORY_STATUS=NOT_CREATED,OPEN_AUTHENTICATED_CAPTURE_COMPLETE_PAGE_AND_INVENTORY_ALL_LINKED_RESOURCES,DURABLE_PAGE_CAPTURE_PRIMARY_SOURCE_ROW_LINK_INVENTORY_AND_REVIEW_STATUS_RECONCILIATION
234,DESTINATION_PAGE,MGB-NAV-0045,Illinois Equipment Lease Form,https://www.mygroundbiz.com/en/vehicles-fuel/state-regulations/illinois-equipment-lease-form,WAVE_3_OPERATIONAL_FAMILY_DESTINATIONS,PORTAL_SECTION_IS_WITHIN_THE_BROAD_OPERATIONAL_INCLUSION_STANDARD; title is not operational evidence,,,,,,UNACQUIRED_OPEN,DESTINATION_BACKLOG_STATUS=OPEN;SOURCE_INVENTORY_STATUS=NOT_CREATED,OPEN_AUTHENTICATED_CAPTURE_COMPLETE_PAGE_AND_INVENTORY_ALL_LINKED_RESOURCES,DURABLE_PAGE_CAPTURE_PRIMARY_SOURCE_ROW_LINK_INVENTORY_AND_REVIEW_STATUS_RECONCILIATION
235,DESTINATION_PAGE,MGB-NAV-0048,Business Name on Vehicles,https://www.mygroundbiz.com/en/vehicles-fuel/vehicle-standards-tbd/business-name-on-vehicles,WAVE_3_OPERATIONAL_FAMILY_DESTINATIONS,PORTAL_SECTION_IS_WITHIN_THE_BROAD_OPERATIONAL_INCLUSION_STANDARD; title is not operational evidence,,,,,,UNACQUIRED_OPEN,DESTINATION_BACKLOG_STATUS=OPEN;SOURCE_INVENTORY_STATUS=NOT_CREATED,OPEN_AUTHENTICATED_CAPTURE_COMPLETE_PAGE_AND_INVENTORY_ALL_LINKED_RESOURCES,DURABLE_PAGE_CAPTURE_PRIMARY_SOURCE_ROW_LINK_INVENTORY_AND_REVIEW_STATUS_RECONCILIATION
236,DESTINATION_PAGE,MGB-NAV-0049,Decal Installation Steps,https://www.mygroundbiz.com/en/vehicles-fuel/vehicle-standards-tbd/business-name-on-vehicles/decal-installation-steps,WAVE_3_OPERATIONAL_FAMILY_DESTINATIONS,PORTAL_SECTION_IS_WITHIN_THE_BROAD_OPERATIONAL_INCLUSION_STANDARD; title is not operational evidence,,,,,,UNACQUIRED_OPEN,DESTINATION_BACKLOG_STATUS=OPEN;SOURCE_INVENTORY_STATUS=NOT_CREATED,OPEN_AUTHENTICATED_CAPTURE_COMPLETE_PAGE_AND_INVENTORY_ALL_LINKED_RESOURCES,DURABLE_PAGE_CAPTURE_PRIMARY_SOURCE_ROW_LINK_INVENTORY_AND_REVIEW_STATUS_RECONCILIATION
237,DESTINATION_PAGE,MGB-NAV-0052,"Fuel Islands, Pricing",https://www.mygroundbiz.com/en/vehicles-fuel/fuel-information/fuel-islands-pricing,WAVE_3_OPERATIONAL_FAMILY_DESTINATIONS,PORTAL_SECTION_IS_WITHIN_THE_BROAD_OPERATIONAL_INCLUSION_STANDARD; title is not operational evidence,,,,,,UNACQUIRED_OPEN,DESTINATION_BACKLOG_STATUS=OPEN;SOURCE_INVENTORY_STATUS=NOT_CREATED,OPEN_AUTHENTICATED_CAPTURE_COMPLETE_PAGE_AND_INVENTORY_ALL_LINKED_RESOURCES,DURABLE_PAGE_CAPTURE_PRIMARY_SOURCE_ROW_LINK_INVENTORY_AND_REVIEW_STATUS_RECONCILIATION
238,DESTINATION_PAGE,MGB-NAV-0053,EFS fuel cards,https://www.mygroundbiz.com/en/vehicles-fuel/fuel-information/fuel-management-surcharges,WAVE_3_OPERATIONAL_FAMILY_DESTINATIONS,PORTAL_SECTION_IS_WITHIN_THE_BROAD_OPERATIONAL_INCLUSION_STANDARD; title is not operational evidence,,,,,,UNACQUIRED_OPEN,DESTINATION_BACKLOG_STATUS=OPEN;SOURCE_INVENTORY_STATUS=NOT_CREATED,OPEN_AUTHENTICATED_CAPTURE_COMPLETE_PAGE_AND_INVENTORY_ALL_LINKED_RESOURCES,DURABLE_PAGE_CAPTURE_PRIMARY_SOURCE_ROW_LINK_INVENTORY_AND_REVIEW_STATUS_RECONCILIATION
239,DESTINATION_PAGE,MGB-NAV-0054,Fuel Management,https://www.mygroundbiz.com/en/vehicles-fuel/fuel-information/Fuel-Management,WAVE_3_OPERATIONAL_FAMILY_DESTINATIONS,PORTAL_SECTION_IS_WITHIN_THE_BROAD_OPERATIONAL_INCLUSION_STANDARD; title is not operational evidence,,,,,,UNACQUIRED_OPEN,DESTINATION_BACKLOG_STATUS=OPEN;SOURCE_INVENTORY_STATUS=NOT_CREATED,OPEN_AUTHENTICATED_CAPTURE_COMPLETE_PAGE_AND_INVENTORY_ALL_LINKED_RESOURCES,DURABLE_PAGE_CAPTURE_PRIMARY_SOURCE_ROW_LINK_INVENTORY_AND_REVIEW_STATUS_RECONCILIATION
240,DESTINATION_PAGE,MGB-NAV-0055,Electric Vehicle Information,https://www.mygroundbiz.com/en/vehicles-fuel/electric-vehicles/electric-vehicle-information,WAVE_3_OPERATIONAL_FAMILY_DESTINATIONS,PORTAL_SECTION_IS_WITHIN_THE_BROAD_OPERATIONAL_INCLUSION_STANDARD; title is not operational evidence,,,,,,UNACQUIRED_OPEN,DESTINATION_BACKLOG_STATUS=OPEN;SOURCE_INVENTORY_STATUS=NOT_CREATED,OPEN_AUTHENTICATED_CAPTURE_COMPLETE_PAGE_AND_INVENTORY_ALL_LINKED_RESOURCES,DURABLE_PAGE_CAPTURE_PRIMARY_SOURCE_ROW_LINK_INVENTORY_AND_REVIEW_STATUS_RECONCILIATION
241,DESTINATION_PAGE,MGB-NAV-0057,Vehicle Insurance,https://www.mygroundbiz.com/en/vehicles-fuel/insurance/vehicle-insurance,WAVE_3_OPERATIONAL_FAMILY_DESTINATIONS,PORTAL_SECTION_IS_WITHIN_THE_BROAD_OPERATIONAL_INCLUSION_STANDARD; title is not operational evidence,,,,,,UNACQUIRED_OPEN,DESTINATION_BACKLOG_STATUS=OPEN;SOURCE_INVENTORY_STATUS=NOT_CREATED,OPEN_AUTHENTICATED_CAPTURE_COMPLETE_PAGE_AND_INVENTORY_ALL_LINKED_RESOURCES,DURABLE_PAGE_CAPTURE_PRIMARY_SOURCE_ROW_LINK_INVENTORY_AND_REVIEW_STATUS_RECONCILIATION
242,DESTINATION_PAGE,MGB-NAV-0058,Insurance Cards,https://www.mygroundbiz.com/en/vehicles-fuel/insurance/insurance-cards,WAVE_3_OPERATIONAL_FAMILY_DESTINATIONS,PORTAL_SECTION_IS_WITHIN_THE_BROAD_OPERATIONAL_INCLUSION_STANDARD; title is not operational evidence,,,,,,UNACQUIRED_OPEN,DESTINATION_BACKLOG_STATUS=OPEN;SOURCE_INVENTORY_STATUS=NOT_CREATED,OPEN_AUTHENTICATED_CAPTURE_COMPLETE_PAGE_AND_INVENTORY_ALL_LINKED_RESOURCES,DURABLE_PAGE_CAPTURE_PRIMARY_SOURCE_ROW_LINK_INVENTORY_AND_REVIEW_STATUS_RECONCILIATION
243,DESTINATION_PAGE,MGB-NAV-0059,Updating IRP Cab Cards,https://www.mygroundbiz.com/en/vehicles-fuel/June-1-2024-Resources/Updating-IRP-Cab-Cards,WAVE_3_OPERATIONAL_FAMILY_DESTINATIONS,PORTAL_SECTION_IS_WITHIN_THE_BROAD_OPERATIONAL_INCLUSION_STANDARD; title is not operational evidence,,,,,,UNACQUIRED_OPEN,DESTINATION_BACKLOG_STATUS=OPEN;SOURCE_INVENTORY_STATUS=NOT_CREATED,OPEN_AUTHENTICATED_CAPTURE_COMPLETE_PAGE_AND_INVENTORY_ALL_LINKED_RESOURCES,DURABLE_PAGE_CAPTURE_PRIMARY_SOURCE_ROW_LINK_INVENTORY_AND_REVIEW_STATUS_RECONCILIATION
244,DESTINATION_PAGE,MGB-NAV-0063,Negotiations,https://www.mygroundbiz.com/en/agreement/general-agreement-information/Negotiations,WAVE_3_OPERATIONAL_FAMILY_DESTINATIONS,PORTAL_SECTION_IS_WITHIN_THE_BROAD_OPERATIONAL_INCLUSION_STANDARD; title is not operational evidence,,,,,,UNACQUIRED_OPEN,DESTINATION_BACKLOG_STATUS=OPEN;SOURCE_INVENTORY_STATUS=NOT_CREATED,OPEN_AUTHENTICATED_CAPTURE_COMPLETE_PAGE_AND_INVENTORY_ALL_LINKED_RESOURCES,DURABLE_PAGE_CAPTURE_PRIMARY_SOURCE_ROW_LINK_INVENTORY_AND_REVIEW_STATUS_RECONCILIATION
245,DESTINATION_PAGE,MGB-NAV-0065,P&D MEDALS,https://www.mygroundbiz.com/en/agreement/general-agreement-information/PD-MEDALS,WAVE_3_OPERATIONAL_FAMILY_DESTINATIONS,PORTAL_SECTION_IS_WITHIN_THE_BROAD_OPERATIONAL_INCLUSION_STANDARD; title is not operational evidence,,,,,,UNACQUIRED_OPEN,DESTINATION_BACKLOG_STATUS=OPEN;SOURCE_INVENTORY_STATUS=NOT_CREATED,OPEN_AUTHENTICATED_CAPTURE_COMPLETE_PAGE_AND_INVENTORY_ALL_LINKED_RESOURCES,DURABLE_PAGE_CAPTURE_PRIMARY_SOURCE_ROW_LINK_INVENTORY_AND_REVIEW_STATUS_RECONCILIATION
246,DESTINATION_PAGE,MGB-NAV-0066,U.S. TSP Agreement,https://www.mygroundbiz.com/en/agreement/general-agreement-information/us-transportation-service-provider-agreement,WAVE_3_OPERATIONAL_FAMILY_DESTINATIONS,PORTAL_SECTION_IS_WITHIN_THE_BROAD_OPERATIONAL_INCLUSION_STANDARD; title is not operational evidence,,,,,,UNACQUIRED_OPEN,DESTINATION_BACKLOG_STATUS=OPEN;SOURCE_INVENTORY_STATUS=NOT_CREATED,OPEN_AUTHENTICATED_CAPTURE_COMPLETE_PAGE_AND_INVENTORY_ALL_LINKED_RESOURCES,DURABLE_PAGE_CAPTURE_PRIMARY_SOURCE_ROW_LINK_INVENTORY_AND_REVIEW_STATUS_RECONCILIATION
247,DESTINATION_PAGE,MGB-NAV-0067,Linehaul MEDALS,https://www.mygroundbiz.com/en/agreement/general-agreement-information/Linehaul-MEDALS,WAVE_3_OPERATIONAL_FAMILY_DESTINATIONS,PORTAL_SECTION_IS_WITHIN_THE_BROAD_OPERATIONAL_INCLUSION_STANDARD; title is not operational evidence,,,,,,UNACQUIRED_OPEN,DESTINATION_BACKLOG_STATUS=OPEN;SOURCE_INVENTORY_STATUS=NOT_CREATED,OPEN_AUTHENTICATED_CAPTURE_COMPLETE_PAGE_AND_INVENTORY_ALL_LINKED_RESOURCES,DURABLE_PAGE_CAPTURE_PRIMARY_SOURCE_ROW_LINK_INVENTORY_AND_REVIEW_STATUS_RECONCILIATION
248,DESTINATION_PAGE,MGB-NAV-0069,Apparel Terms; Business Name Display,https://www.mygroundbiz.com/en/agreement/general-agreement-information/service-provider-apparel-terms,WAVE_3_OPERATIONAL_FAMILY_DESTINATIONS,PORTAL_SECTION_IS_WITHIN_THE_BROAD_OPERATIONAL_INCLUSION_STANDARD; title is not operational evidence,,,,,,UNACQUIRED_OPEN,DESTINATION_BACKLOG_STATUS=OPEN;SOURCE_INVENTORY_STATUS=NOT_CREATED,OPEN_AUTHENTICATED_CAPTURE_COMPLETE_PAGE_AND_INVENTORY_ALL_LINKED_RESOURCES,DURABLE_PAGE_CAPTURE_PRIMARY_SOURCE_ROW_LINK_INVENTORY_AND_REVIEW_STATUS_RECONCILIATION
249,DESTINATION_PAGE,MGB-NAV-0071,U.S. TSPA - Entry Level Driver Program (ELDP) for LH,https://www.mygroundbiz.com/en/agreement/safety-terms---eldp/us-tspa---entry-level-driver-program-for-lh,WAVE_3_OPERATIONAL_FAMILY_DESTINATIONS,PORTAL_SECTION_IS_WITHIN_THE_BROAD_OPERATIONAL_INCLUSION_STANDARD; title is not operational evidence,,,,,,UNACQUIRED_OPEN,DESTINATION_BACKLOG_STATUS=OPEN;SOURCE_INVENTORY_STATUS=NOT_CREATED,OPEN_AUTHENTICATED_CAPTURE_COMPLETE_PAGE_AND_INVENTORY_ALL_LINKED_RESOURCES,DURABLE_PAGE_CAPTURE_PRIMARY_SOURCE_ROW_LINK_INVENTORY_AND_REVIEW_STATUS_RECONCILIATION
250,DESTINATION_PAGE,MGB-NAV-0072,Truck Driving Championships Points Incentive,https://www.mygroundbiz.com/en/agreement/safety-terms---eldp/Truck-Driving-Championships-Points-Incentive,WAVE_3_OPERATIONAL_FAMILY_DESTINATIONS,PORTAL_SECTION_IS_WITHIN_THE_BROAD_OPERATIONAL_INCLUSION_STANDARD; title is not operational evidence,,,,,,UNACQUIRED_OPEN,DESTINATION_BACKLOG_STATUS=OPEN;SOURCE_INVENTORY_STATUS=NOT_CREATED,OPEN_AUTHENTICATED_CAPTURE_COMPLETE_PAGE_AND_INVENTORY_ALL_LINKED_RESOURCES,DURABLE_PAGE_CAPTURE_PRIMARY_SOURCE_ROW_LINK_INVENTORY_AND_REVIEW_STATUS_RECONCILIATION
251,DESTINATION_PAGE,MGB-NAV-0073,"Growth Opportunities, Assignments and Transfers",https://www.mygroundbiz.com/en/agreement/growth-opportunities-notification-of-business-changes/assignments-and-transfers,WAVE_3_OPERATIONAL_FAMILY_DESTINATIONS,PORTAL_SECTION_IS_WITHIN_THE_BROAD_OPERATIONAL_INCLUSION_STANDARD; title is not operational evidence,,,,,,UNACQUIRED_OPEN,DESTINATION_BACKLOG_STATUS=OPEN;SOURCE_INVENTORY_STATUS=NOT_CREATED,OPEN_AUTHENTICATED_CAPTURE_COMPLETE_PAGE_AND_INVENTORY_ALL_LINKED_RESOURCES,DURABLE_PAGE_CAPTURE_PRIMARY_SOURCE_ROW_LINK_INVENTORY_AND_REVIEW_STATUS_RECONCILIATION
252,DESTINATION_PAGE,MGB-NAV-0074,Personnel Changes,https://www.mygroundbiz.com/en/agreement/growth-opportunities-notification-of-business-changes/personnel-changes,WAVE_3_OPERATIONAL_FAMILY_DESTINATIONS,PORTAL_SECTION_IS_WITHIN_THE_BROAD_OPERATIONAL_INCLUSION_STANDARD; title is not operational evidence,,,,,,UNACQUIRED_OPEN,DESTINATION_BACKLOG_STATUS=OPEN;SOURCE_INVENTORY_STATUS=NOT_CREATED,OPEN_AUTHENTICATED_CAPTURE_COMPLETE_PAGE_AND_INVENTORY_ALL_LINKED_RESOURCES,DURABLE_PAGE_CAPTURE_PRIMARY_SOURCE_ROW_LINK_INVENTORY_AND_REVIEW_STATUS_RECONCILIATION
253,DESTINATION_PAGE,MGB-NAV-0076,Invoice Dispute,https://www.mygroundbiz.com/en/agreement/dispute-processes/Invoice-Dispute,WAVE_3_OPERATIONAL_FAMILY_DESTINATIONS,PORTAL_SECTION_IS_WITHIN_THE_BROAD_OPERATIONAL_INCLUSION_STANDARD; title is not operational evidence,,,,,,UNACQUIRED_OPEN,DESTINATION_BACKLOG_STATUS=OPEN;SOURCE_INVENTORY_STATUS=NOT_CREATED,OPEN_AUTHENTICATED_CAPTURE_COMPLETE_PAGE_AND_INVENTORY_ALL_LINKED_RESOURCES,DURABLE_PAGE_CAPTURE_PRIMARY_SOURCE_ROW_LINK_INVENTORY_AND_REVIEW_STATUS_RECONCILIATION
254,DESTINATION_PAGE,MGB-NAV-0060,U.S. Linehaul Vendors,https://www.mygroundbiz.com/en/discounts-vendors/Agreement-Types/US-Linehaul,WAVE_4_REMAINING_DESTINATIONS,PRESERVED_FOR_EXHAUSTIVE_REVIEW_AFTER_HIGHER_SESSION_EFFICIENCY_WAVES; no exclusion or relevance judgment has been made,,,,,,UNACQUIRED_OPEN,DESTINATION_BACKLOG_STATUS=OPEN;SOURCE_INVENTORY_STATUS=NOT_CREATED,OPEN_AUTHENTICATED_CAPTURE_COMPLETE_PAGE_AND_INVENTORY_ALL_LINKED_RESOURCES,DURABLE_PAGE_CAPTURE_PRIMARY_SOURCE_ROW_LINK_INVENTORY_AND_REVIEW_STATUS_RECONCILIATION
255,DESTINATION_PAGE,MGB-NAV-0061,U.S. P&D Vendors,https://www.mygroundbiz.com/en/discounts-vendors/Agreement-Types/us-pd,WAVE_4_REMAINING_DESTINATIONS,PRESERVED_FOR_EXHAUSTIVE_REVIEW_AFTER_HIGHER_SESSION_EFFICIENCY_WAVES; no exclusion or relevance judgment has been made,,,,,,UNACQUIRED_OPEN,DESTINATION_BACKLOG_STATUS=OPEN;SOURCE_INVENTORY_STATUS=NOT_CREATED,OPEN_AUTHENTICATED_CAPTURE_COMPLETE_PAGE_AND_INVENTORY_ALL_LINKED_RESOURCES,DURABLE_PAGE_CAPTURE_PRIMARY_SOURCE_ROW_LINK_INVENTORY_AND_REVIEW_STATUS_RECONCILIATION
256,DESTINATION_PAGE,MGB-NAV-0062,Ordering Apparel,https://www.mygroundbiz.com/en/discounts-vendors/other-vendors/ordering-apparel,WAVE_4_REMAINING_DESTINATIONS,PRESERVED_FOR_EXHAUSTIVE_REVIEW_AFTER_HIGHER_SESSION_EFFICIENCY_WAVES; no exclusion or relevance judgment has been made,,,,,,UNACQUIRED_OPEN,DESTINATION_BACKLOG_STATUS=OPEN;SOURCE_INVENTORY_STATUS=NOT_CREATED,OPEN_AUTHENTICATED_CAPTURE_COMPLETE_PAGE_AND_INVENTORY_ALL_LINKED_RESOURCES,DURABLE_PAGE_CAPTURE_PRIMARY_SOURCE_ROW_LINK_INVENTORY_AND_REVIEW_STATUS_RECONCILIATION
257,DESTINATION_PAGE,MGB-NAV-0077,Service Provider Collaborative Cohort,https://www.mygroundbiz.com/en/Recognition/Recognition/Service-Provider-Collaborative-Cohort,WAVE_4_REMAINING_DESTINATIONS,PRESERVED_FOR_EXHAUSTIVE_REVIEW_AFTER_HIGHER_SESSION_EFFICIENCY_WAVES; no exclusion or relevance judgment has been made,,,,,,UNACQUIRED_OPEN,DESTINATION_BACKLOG_STATUS=OPEN;SOURCE_INVENTORY_STATUS=NOT_CREATED,OPEN_AUTHENTICATED_CAPTURE_COMPLETE_PAGE_AND_INVENTORY_ALL_LINKED_RESOURCES,DURABLE_PAGE_CAPTURE_PRIMARY_SOURCE_ROW_LINK_INVENTORY_AND_REVIEW_STATUS_RECONCILIATION
258,DESTINATION_PAGE,MGB-NAV-0078,Humanitarian awards,https://www.mygroundbiz.com/en/Recognition/Recognition/humanitarian-awards,WAVE_4_REMAINING_DESTINATIONS,PRESERVED_FOR_EXHAUSTIVE_REVIEW_AFTER_HIGHER_SESSION_EFFICIENCY_WAVES; no exclusion or relevance judgment has been made,,,,,,UNACQUIRED_OPEN,DESTINATION_BACKLOG_STATUS=OPEN;SOURCE_INVENTORY_STATUS=NOT_CREATED,OPEN_AUTHENTICATED_CAPTURE_COMPLETE_PAGE_AND_INVENTORY_ALL_LINKED_RESOURCES,DURABLE_PAGE_CAPTURE_PRIMARY_SOURCE_ROW_LINK_INVENTORY_AND_REVIEW_STATUS_RECONCILIATION
259,DESTINATION_PAGE,MGB-NAV-0079,President's Awards,https://www.mygroundbiz.com/en/Recognition/Recognition/Presidents-Awards,WAVE_4_REMAINING_DESTINATIONS,PRESERVED_FOR_EXHAUSTIVE_REVIEW_AFTER_HIGHER_SESSION_EFFICIENCY_WAVES; no exclusion or relevance judgment has been made,,,,,,UNACQUIRED_OPEN,DESTINATION_BACKLOG_STATUS=OPEN;SOURCE_INVENTORY_STATUS=NOT_CREATED,OPEN_AUTHENTICATED_CAPTURE_COMPLETE_PAGE_AND_INVENTORY_ALL_LINKED_RESOURCES,DURABLE_PAGE_CAPTURE_PRIMARY_SOURCE_ROW_LINK_INVENTORY_AND_REVIEW_STATUS_RECONCILIATION
260,DESTINATION_PAGE,MGB-NAV-0080,FedEx Forward Service Provider Summit,https://www.mygroundbiz.com/en/Recognition/Events/Summit,WAVE_4_REMAINING_DESTINATIONS,PRESERVED_FOR_EXHAUSTIVE_REVIEW_AFTER_HIGHER_SESSION_EFFICIENCY_WAVES; no exclusion or relevance judgment has been made,,,,,,UNACQUIRED_OPEN,DESTINATION_BACKLOG_STATUS=OPEN;SOURCE_INVENTORY_STATUS=NOT_CREATED,OPEN_AUTHENTICATED_CAPTURE_COMPLETE_PAGE_AND_INVENTORY_ALL_LINKED_RESOURCES,DURABLE_PAGE_CAPTURE_PRIMARY_SOURCE_ROW_LINK_INVENTORY_AND_REVIEW_STATUS_RECONCILIATION
261,DESTINATION_PAGE,MGB-NAV-0081,Truck Driving Competitions,https://www.mygroundbiz.com/en/Recognition/Events/Truck-Driving-Competitions,WAVE_4_REMAINING_DESTINATIONS,PRESERVED_FOR_EXHAUSTIVE_REVIEW_AFTER_HIGHER_SESSION_EFFICIENCY_WAVES; no exclusion or relevance judgment has been made,,,,,,UNACQUIRED_OPEN,DESTINATION_BACKLOG_STATUS=OPEN;SOURCE_INVENTORY_STATUS=NOT_CREATED,OPEN_AUTHENTICATED_CAPTURE_COMPLETE_PAGE_AND_INVENTORY_ALL_LINKED_RESOURCES,DURABLE_PAGE_CAPTURE_PRIMARY_SOURCE_ROW_LINK_INVENTORY_AND_REVIEW_STATUS_RECONCILIATION
262,DESTINATION_PAGE,MGB-NAV-0082,CSCA SMS alert enhancements coming July 19,https://www.mygroundbiz.com/en/news/2026/CSCA-SMS-alert-enhancements-coming-July-19,WAVE_4_REMAINING_DESTINATIONS,PRESERVED_FOR_EXHAUSTIVE_REVIEW_AFTER_HIGHER_SESSION_EFFICIENCY_WAVES; no exclusion or relevance judgment has been made,,,,,,UNACQUIRED_OPEN,DESTINATION_BACKLOG_STATUS=OPEN;SOURCE_INVENTORY_STATUS=NOT_CREATED,OPEN_AUTHENTICATED_CAPTURE_COMPLETE_PAGE_AND_INVENTORY_ALL_LINKED_RESOURCES,DURABLE_PAGE_CAPTURE_PRIMARY_SOURCE_ROW_LINK_INVENTORY_AND_REVIEW_STATUS_RECONCILIATION
263,DESTINATION_PAGE,MGB-NAV-0083,New Maverik fuel discount available,https://www.mygroundbiz.com/en/news/2026/New-Maverik-fuel-discount-available-at-more-than-200-locations,WAVE_4_REMAINING_DESTINATIONS,PRESERVED_FOR_EXHAUSTIVE_REVIEW_AFTER_HIGHER_SESSION_EFFICIENCY_WAVES; no exclusion or relevance judgment has been made,,,,,,UNACQUIRED_OPEN,DESTINATION_BACKLOG_STATUS=OPEN;SOURCE_INVENTORY_STATUS=NOT_CREATED,OPEN_AUTHENTICATED_CAPTURE_COMPLETE_PAGE_AND_INVENTORY_ALL_LINKED_RESOURCES,DURABLE_PAGE_CAPTURE_PRIMARY_SOURCE_ROW_LINK_INVENTORY_AND_REVIEW_STATUS_RECONCILIATION
264,DESTINATION_PAGE,MGB-NAV-0085,Secure your next Route-Ready vehicle through Wheels,https://www.mygroundbiz.com/en/news/2026/Secure-your-next-Route-Ready-vehicle-through-Wheels,WAVE_4_REMAINING_DESTINATIONS,PRESERVED_FOR_EXHAUSTIVE_REVIEW_AFTER_HIGHER_SESSION_EFFICIENCY_WAVES; no exclusion or relevance judgment has been made,,,,,,UNACQUIRED_OPEN,DESTINATION_BACKLOG_STATUS=OPEN;SOURCE_INVENTORY_STATUS=NOT_CREATED,OPEN_AUTHENTICATED_CAPTURE_COMPLETE_PAGE_AND_INVENTORY_ALL_LINKED_RESOURCES,DURABLE_PAGE_CAPTURE_PRIMARY_SOURCE_ROW_LINK_INVENTORY_AND_REVIEW_STATUS_RECONCILIATION
265,DESTINATION_PAGE,MGB-NAV-0086,TSPA settlement enhancements,https://www.mygroundbiz.com/en/news/2026/Kevin-Koken-TSPA-settlement-enhancements-to-be-announced-soon,WAVE_4_REMAINING_DESTINATIONS,PRESERVED_FOR_EXHAUSTIVE_REVIEW_AFTER_HIGHER_SESSION_EFFICIENCY_WAVES; no exclusion or relevance judgment has been made,,,,,,UNACQUIRED_OPEN,DESTINATION_BACKLOG_STATUS=OPEN;SOURCE_INVENTORY_STATUS=NOT_CREATED,OPEN_AUTHENTICATED_CAPTURE_COMPLETE_PAGE_AND_INVENTORY_ALL_LINKED_RESOURCES,DURABLE_PAGE_CAPTURE_PRIMARY_SOURCE_ROW_LINK_INVENTORY_AND_REVIEW_STATUS_RECONCILIATION
266,UNREVIEWED_PRIMARY_VIDEO,SRC-MGB-VIDEO-0001,FCC Overview,https://players.brightcove.net/948035318001/BJh1e6leZ_default/index.html?videoId=5480386429001,WAVE_5_DEFERRED_HISTORICAL_VIDEO_REVIEW,2017_FCC_SYSTEM_TRAINING_VIDEO_DEFERRED_BEHIND_CURRENT_DRIVER_OPERATIONAL_SOURCES; durable bytes remain inventoried and no title or partial visual observation may support driver guidance,,,,,,UNREVIEWED_PRIMARY_CAPTURED_REVIEW_OPEN,SOURCE_INVENTORY_REVIEW_STATUS=NOT_YET_REVIEWED;ACCESS_STATUS=ACCESSIBLE;LOCAL_ARCHIVE_PATH=PRESENT,TRANSCRIBE_REVIEW_AUDIO_AND_VISUAL_CONTENT_INVENTORY_REFERENCES_AND_CREATE_MAPPINGS,COMPLETE_AUDIO_VISUAL_REVIEW_SOURCE_STATUS_RECONCILED_AND_NEW_REFERENCES_INVENTORIED
267,UNREVIEWED_PRIMARY_VIDEO,SRC-MGB-VIDEO-0002,FCC Messaging,https://players.brightcove.net/948035318001/BJh1e6leZ_default/index.html?videoId=5480362561001,WAVE_5_DEFERRED_HISTORICAL_VIDEO_REVIEW,2017_FCC_SYSTEM_TRAINING_VIDEO_DEFERRED_BEHIND_CURRENT_DRIVER_OPERATIONAL_SOURCES; durable bytes remain inventoried and no title or partial visual observation may support driver guidance,,,,,,UNREVIEWED_PRIMARY_CAPTURED_REVIEW_OPEN,SOURCE_INVENTORY_REVIEW_STATUS=NOT_YET_REVIEWED;ACCESS_STATUS=ACCESSIBLE;LOCAL_ARCHIVE_PATH=PRESENT,TRANSCRIBE_REVIEW_AUDIO_AND_VISUAL_CONTENT_INVENTORY_REFERENCES_AND_CREATE_MAPPINGS,COMPLETE_AUDIO_VISUAL_REVIEW_SOURCE_STATUS_RECONCILED_AND_NEW_REFERENCES_INVENTORIED
268,UNREVIEWED_PRIMARY_VIDEO,SRC-MGB-VIDEO-0003,FCC P&D Manifests,https://players.brightcove.net/948035318001/BJh1e6leZ_default/index.html?videoId=5480356333001,WAVE_5_DEFERRED_HISTORICAL_VIDEO_REVIEW,2017_FCC_SYSTEM_TRAINING_VIDEO_DEFERRED_BEHIND_CURRENT_DRIVER_OPERATIONAL_SOURCES; durable bytes remain inventoried and no title or partial visual observation may support driver guidance,,,,,,UNREVIEWED_PRIMARY_CAPTURED_REVIEW_OPEN,SOURCE_INVENTORY_REVIEW_STATUS=NOT_YET_REVIEWED;ACCESS_STATUS=ACCESSIBLE;LOCAL_ARCHIVE_PATH=PRESENT,TRANSCRIBE_REVIEW_AUDIO_AND_VISUAL_CONTENT_INVENTORY_REFERENCES_AND_CREATE_MAPPINGS,COMPLETE_AUDIO_VISUAL_REVIEW_SOURCE_STATUS_RECONCILED_AND_NEW_REFERENCES_INVENTORIED
269,UNREVIEWED_PRIMARY_VIDEO,SRC-MGB-VIDEO-0004,FCC Service Area Status,https://players.brightcove.net/948035318001/BJh1e6leZ_default/index.html?videoId=5480356335001,WAVE_5_DEFERRED_HISTORICAL_VIDEO_REVIEW,2017_FCC_SYSTEM_TRAINING_VIDEO_DEFERRED_BEHIND_CURRENT_DRIVER_OPERATIONAL_SOURCES; durable bytes remain inventoried and no title or partial visual observation may support driver guidance,,,,,,UNREVIEWED_PRIMARY_CAPTURED_REVIEW_OPEN,SOURCE_INVENTORY_REVIEW_STATUS=NOT_YET_REVIEWED;ACCESS_STATUS=ACCESSIBLE;LOCAL_ARCHIVE_PATH=PRESENT,TRANSCRIBE_REVIEW_AUDIO_AND_VISUAL_CONTENT_INVENTORY_REFERENCES_AND_CREATE_MAPPINGS,COMPLETE_AUDIO_VISUAL_REVIEW_SOURCE_STATUS_RECONCILED_AND_NEW_REFERENCES_INVENTORIED
270,UNREVIEWED_PRIMARY_VIDEO,SRC-MGB-VIDEO-0005,FCC Pickup Alerts,https://players.brightcove.net/948035318001/BJh1e6leZ_default/index.html?videoId=5480369902001,WAVE_5_DEFERRED_HISTORICAL_VIDEO_REVIEW,2017_FCC_SYSTEM_TRAINING_VIDEO_DEFERRED_BEHIND_CURRENT_DRIVER_OPERATIONAL_SOURCES; durable bytes remain inventoried and no title or partial visual observation may support driver guidance,,,,,,UNREVIEWED_PRIMARY_CAPTURED_REVIEW_OPEN,SOURCE_INVENTORY_REVIEW_STATUS=NOT_YET_REVIEWED;ACCESS_STATUS=ACCESSIBLE;LOCAL_ARCHIVE_PATH=PRESENT,TRANSCRIBE_REVIEW_AUDIO_AND_VISUAL_CONTENT_INVENTORY_REFERENCES_AND_CREATE_MAPPINGS,COMPLETE_AUDIO_VISUAL_REVIEW_SOURCE_STATUS_RECONCILED_AND_NEW_REFERENCES_INVENTORIED
271,UNREVIEWED_PRIMARY_VIDEO,SRC-MGB-VIDEO-0006,FCC Pickup Planning,https://players.brightcove.net/948035318001/BJh1e6leZ_default/index.html?videoId=5480362464001,WAVE_5_DEFERRED_HISTORICAL_VIDEO_REVIEW,2017_FCC_SYSTEM_TRAINING_VIDEO_DEFERRED_BEHIND_CURRENT_DRIVER_OPERATIONAL_SOURCES; durable bytes remain inventoried and no title or partial visual observation may support driver guidance,,,,,,UNREVIEWED_PRIMARY_CAPTURED_REVIEW_OPEN,SOURCE_INVENTORY_REVIEW_STATUS=NOT_YET_REVIEWED;ACCESS_STATUS=ACCESSIBLE;LOCAL_ARCHIVE_PATH=PRESENT,TRANSCRIBE_REVIEW_AUDIO_AND_VISUAL_CONTENT_INVENTORY_REFERENCES_AND_CREATE_MAPPINGS,COMPLETE_AUDIO_VISUAL_REVIEW_SOURCE_STATUS_RECONCILED_AND_NEW_REFERENCES_INVENTORIED
272,PARTIAL_SOURCE_PAGE,SRC-MGB-DOC-0015,Common Reason Codes for Unsuccessful Pickup Attempts,https://www.mygroundbiz.com/-/media/FXGMGB/docs/Operations/PD-Technology/STAR-FRO/2023/Pickup-Status-Codes-English-2023.ashx,WAVE_5_DEFERRED_NONCURRENT_REFERENCE,REJECTED_VERSION_AMBIGUOUS_SOURCE; no active knowledge retained; acquire current OP-321 instead and do not continue review unless current authority is established,,,,,,PARTIAL_REVIEW_OPEN,SOURCE_INVENTORY_REVIEW_STATUS=PARTIALLY_REVIEWED,NO_FURTHER_REVIEW_UNLESS_CURRENT_AUTHORITY_ESTABLISHED_ACQUIRE_CURRENT_OP321,CURRENT_OP321_ACQUIRED_OR_AUTHORITATIVE_CURRENT_VERSION_ESTABLISHED
